split,label,video_name,clip_num,start_sec,end_sec,avg_motion,max_motion,std_motion,motion_first_half,motion_second_half,motion_change,motion_peak_position
train,foul,foul_001.mp4,1,0.0,1.0,14.17,55.49,11.77,8.22,20.13,11.91,0.46
train,foul,foul_001.mp4,2,1.0,2.0,21.27,24.54,2.8,23.54,18.99,-4.55,0.38
train,foul,foul_001.mp4,3,2.0,3.0,12.37,16.64,2.3,14.37,10.37,-4.0,0.04
train,foul,foul_001.mp4,4,3.0,4.0,7.95,43.54,8.43,10.29,5.62,-4.67,0.5
train,foul,foul_002.mp4,1,0.0,1.0,3.91,31.87,5.83,2.75,5.06,2.3,0.96
train,foul,foul_002.mp4,2,1.0,2.0,7.01,8.44,1.09,8.02,6.01,-2.01,0.29
train,foul,foul_002.mp4,3,2.0,3.0,4.58,6.51,0.97,4.72,4.45,-0.28,0.5
train,foul,foul_002.mp4,4,3.0,4.0,7.12,47.14,9.22,3.46,10.77,7.31,0.88
train,foul,foul_003.mp4,1,0.0,1.0,6.74,31.53,5.25,6.01,7.46,1.46,0.92
train,foul,foul_003.mp4,2,1.0,2.0,2.77,3.13,0.15,2.69,2.86,0.17,0.42
train,foul,foul_003.mp4,3,2.0,3.0,2.74,3.17,0.29,2.92,2.55,-0.37,0.38
train,foul,foul_003.mp4,4,3.0,4.0,1.59,2.15,0.37,1.91,1.28,-0.64,0.0
train,foul,foul_006.mp4,1,0.0,1.0,10.08,56.09,9.96,9.86,10.31,0.45,0.67
train,foul,foul_006.mp4,2,1.0,2.0,6.01,6.81,0.54,5.6,6.43,0.83,0.88
train,foul,foul_006.mp4,3,2.0,3.0,5.37,6.53,0.53,5.63,5.1,-0.53,0.0
train,foul,foul_006.mp4,4,3.0,4.0,4.35,5.97,0.9,4.51,4.19,-0.32,0.04
train,foul,foul_007.mp4,1,0.0,1.0,7.66,35.52,5.92,5.58,9.74,4.16,0.79
train,foul,foul_007.mp4,2,1.0,2.0,9.36,12.82,1.64,9.66,9.05,-0.61,0.96
train,foul,foul_007.mp4,3,2.0,3.0,10.8,15.06,1.85,11.66,9.95,-1.71,0.33
train,foul,foul_007.mp4,4,3.0,4.0,11.59,16.35,2.52,10.35,12.83,2.48,0.71
train,foul,foul_008.mp4,1,0.0,1.0,5.06,10.85,2.23,6.33,3.78,-2.55,0.12
train,foul,foul_008.mp4,2,1.0,2.0,15.71,59.0,10.66,18.87,12.55,-6.32,0.04
train,foul,foul_008.mp4,3,2.0,3.0,9.25,16.39,3.79,9.95,8.55,-1.4,0.46
train,foul,foul_008.mp4,4,3.0,4.0,7.11,14.88,3.29,8.06,6.16,-1.9,0.0
train,foul,foul_009.mp4,1,0.0,1.0,8.9,44.57,9.39,2.94,14.85,11.91,0.58
train,foul,foul_009.mp4,2,1.0,2.0,15.16,19.95,2.33,15.53,14.78,-0.74,0.25
train,foul,foul_009.mp4,3,2.0,3.0,8.17,13.52,2.78,9.3,7.05,-2.25,0.04
train,foul,foul_009.mp4,4,3.0,4.0,6.33,9.54,1.76,6.64,6.01,-0.63,0.08
train,foul,foul_010.mp4,1,0.0,1.0,25.8,32.51,3.75,27.24,24.37,-2.87,0.38
train,foul,foul_010.mp4,2,1.0,2.0,13.07,79.4,14.58,18.13,8.0,-10.14,0.25
train,foul,foul_010.mp4,3,2.0,3.0,8.89,10.5,0.84,8.4,9.39,0.99,0.96
train,foul,foul_010.mp4,4,3.0,4.0,11.1,11.55,0.28,11.05,11.16,0.11,0.67
train,foul,foul_011.mp4,1,0.0,1.0,7.21,41.35,7.45,3.62,10.8,7.19,0.5
train,foul,foul_011.mp4,2,1.0,2.0,6.85,8.94,1.73,8.49,5.21,-3.28,0.17
train,foul,foul_011.mp4,3,2.0,3.0,5.78,6.72,0.74,5.32,6.23,0.91,0.88
train,foul,foul_011.mp4,4,3.0,4.0,5.41,7.37,1.69,6.84,3.98,-2.85,0.25
train,foul,foul_013.mp4,1,0.0,1.0,13.74,45.43,6.85,13.48,14.0,0.52,0.92
train,foul,foul_013.mp4,2,1.0,2.0,4.51,10.64,4.37,5.96,3.06,-2.89,0.17
train,foul,foul_013.mp4,3,2.0,3.0,2.69,8.81,3.57,3.0,2.38,-0.62,0.75
train,foul,foul_013.mp4,4,3.0,4.0,3.67,9.54,3.92,3.75,3.58,-0.17,0.0
train,foul,foul_016.mp4,1,0.0,1.0,6.64,24.92,4.13,7.44,5.83,-1.62,0.08
train,foul,foul_016.mp4,2,1.0,2.0,6.0,6.47,0.31,6.29,5.7,-0.59,0.21
train,foul,foul_016.mp4,3,2.0,3.0,4.75,5.76,1.13,5.55,3.94,-1.61,0.38
train,foul,foul_016.mp4,4,3.0,4.0,5.78,20.12,3.11,4.62,6.93,2.31,0.79
train,foul,foul_017.mp4,1,0.0,1.0,8.31,28.57,4.55,7.77,8.84,1.07,0.38
train,foul,foul_017.mp4,2,1.0,2.0,10.21,11.45,0.99,11.06,9.37,-1.69,0.38
train,foul,foul_017.mp4,3,2.0,3.0,8.06,8.82,0.49,8.47,7.65,-0.82,0.38
train,foul,foul_017.mp4,4,3.0,4.0,4.8,6.47,1.1,5.79,3.81,-1.98,0.04
train,foul,foul_019.mp4,1,0.0,1.0,7.06,60.1,12.39,2.79,11.34,8.55,0.88
train,foul,foul_019.mp4,2,1.0,2.0,26.0,31.35,2.57,26.25,25.74,-0.51,0.67
train,foul,foul_019.mp4,3,2.0,3.0,23.3,32.61,3.9,22.65,23.96,1.3,0.75
train,foul,foul_019.mp4,4,3.0,4.0,28.81,68.46,9.43,24.63,32.99,8.36,0.96
train,foul,foul_020.mp4,1,0.0,1.0,9.18,44.1,7.68,9.34,9.02,-0.32,0.33
train,foul,foul_020.mp4,2,1.0,2.0,12.5,19.09,3.1,13.66,11.34,-2.32,0.38
train,foul,foul_020.mp4,3,2.0,3.0,12.76,18.43,3.0,12.93,12.58,-0.35,0.42
train,foul,foul_020.mp4,4,3.0,4.0,12.17,53.21,8.98,10.39,13.94,3.55,0.79
train,foul,foul_021.mp4,1,0.0,1.0,7.38,70.21,13.42,11.18,3.58,-7.6,0.08
train,foul,foul_021.mp4,2,1.0,2.0,2.74,3.72,0.43,3.01,2.46,-0.56,0.04
train,foul,foul_021.mp4,3,2.0,3.0,2.16,2.82,0.34,2.41,1.91,-0.51,0.0
train,foul,foul_021.mp4,4,3.0,4.0,3.71,43.71,8.63,1.57,5.84,4.27,0.92
train,foul,foul_022.mp4,1,0.0,1.0,15.17,42.12,9.2,14.15,16.19,2.04,0.21
train,foul,foul_022.mp4,2,1.0,2.0,15.68,19.68,3.27,13.69,17.66,3.97,0.71
train,foul,foul_022.mp4,3,2.0,3.0,19.65,24.03,1.44,18.48,20.83,2.35,0.88
train,foul,foul_022.mp4,4,3.0,4.0,8.2,42.16,8.68,11.93,4.48,-7.46,0.12
train,foul,foul_023.mp4,1,0.0,1.0,7.34,8.33,0.69,7.84,6.83,-1.01,0.0
train,foul,foul_023.mp4,2,1.0,2.0,5.92,6.75,0.31,5.75,6.08,0.32,0.92
train,foul,foul_023.mp4,3,2.0,3.0,3.84,6.5,1.6,4.73,2.95,-1.79,0.12
train,foul,foul_023.mp4,4,3.0,4.0,8.05,36.88,6.07,6.33,9.77,3.45,0.92
train,foul,foul_024.mp4,1,0.0,1.0,12.1,53.67,9.34,7.72,16.48,8.76,0.71
train,foul,foul_024.mp4,2,1.0,2.0,10.05,17.12,3.54,8.44,11.66,3.22,0.79
train,foul,foul_024.mp4,3,2.0,3.0,19.05,21.37,2.89,17.62,20.49,2.87,0.54
train,foul,foul_024.mp4,4,3.0,4.0,18.13,19.33,1.36,18.28,17.97,-0.32,0.58
train,foul,foul_025.mp4,1,0.0,1.0,4.0,54.19,10.59,6.64,1.36,-5.28,0.08
train,foul,foul_025.mp4,2,1.0,2.0,1.58,2.09,0.21,1.61,1.56,-0.05,0.54
train,foul,foul_025.mp4,3,2.0,3.0,1.35,1.73,0.18,1.28,1.43,0.15,0.0
train,foul,foul_025.mp4,4,3.0,4.0,6.32,14.06,3.17,5.57,7.08,1.51,0.21
train,foul,foul_027.mp4,1,0.0,1.0,9.37,42.68,7.48,12.05,6.7,-5.35,0.21
train,foul,foul_027.mp4,2,1.0,2.0,2.87,4.04,0.65,3.37,2.37,-1.0,0.04
train,foul,foul_027.mp4,3,2.0,3.0,5.53,7.82,2.32,3.59,7.47,3.88,0.96
train,foul,foul_027.mp4,4,3.0,4.0,11.71,56.35,9.75,8.68,14.73,6.04,0.83
train,foul,foul_031.mp4,1,0.0,1.0,5.06,25.65,4.37,5.91,4.22,-1.7,0.21
train,foul,foul_031.mp4,2,1.0,2.0,4.66,6.25,1.19,4.02,5.29,1.27,0.75
train,foul,foul_031.mp4,3,2.0,3.0,5.8,7.94,1.15,5.91,5.68,-0.23,0.42
train,foul,foul_031.mp4,4,3.0,4.0,4.8,6.05,1.04,5.02,4.58,-0.45,0.29
train,foul,foul_034.mp4,1,0.0,1.0,10.05,11.38,1.71,8.89,11.2,2.31,0.92
train,foul,foul_034.mp4,2,1.0,2.0,8.02,10.69,2.89,10.19,5.86,-4.32,0.0
train,foul,foul_034.mp4,3,2.0,3.0,6.17,8.47,1.37,5.08,7.25,2.18,0.96
train,foul,foul_034.mp4,4,3.0,4.0,6.98,8.12,0.87,7.67,6.28,-1.39,0.0
train,foul,foul_035.mp4,1,0.0,1.0,2.81,3.98,0.47,2.79,2.84,0.06,0.67
train,foul,foul_035.mp4,2,1.0,2.0,2.29,4.11,0.74,1.9,2.69,0.79,0.88
train,foul,foul_035.mp4,3,2.0,3.0,2.53,4.02,0.64,2.99,2.08,-0.91,0.04
train,foul,foul_035.mp4,4,3.0,4.0,10.03,45.04,9.55,6.08,13.98,7.89,0.42
train,foul,foul_036.mp4,1,0.0,1.0,17.71,22.67,3.73,18.73,16.69,-2.04,0.62
train,foul,foul_036.mp4,2,1.0,2.0,19.45,27.12,4.57,21.19,17.72,-3.46,0.25
train,foul,foul_036.mp4,3,2.0,3.0,15.28,23.68,4.52,15.05,15.52,0.47,0.67
train,foul,foul_036.mp4,4,3.0,4.0,15.11,33.38,5.89,15.31,14.91,-0.4,0.38
train,foul,foul_038.mp4,1,0.0,1.0,7.06,9.1,1.54,8.4,5.71,-2.7,0.12
train,foul,foul_038.mp4,2,1.0,2.0,4.17,4.72,0.34,4.41,3.94,-0.47,0.0
train,foul,foul_038.mp4,3,2.0,3.0,3.47,4.31,0.31,3.39,3.54,0.15,0.88
train,foul,foul_038.mp4,4,3.0,4.0,7.64,67.36,12.48,10.09,5.19,-4.89,0.29
train,foul,foul_040.mp4,1,0.0,1.0,4.39,12.43,2.23,4.26,4.52,0.27,0.25
train,foul,foul_040.mp4,2,1.0,2.0,2.37,4.21,0.99,3.08,1.66,-1.43,0.0
train,foul,foul_040.mp4,3,2.0,3.0,1.8,4.9,1.07,1.35,2.25,0.9,0.96
train,foul,foul_040.mp4,4,3.0,4.0,4.46,5.84,0.74,4.39,4.53,0.14,0.33
train,foul,foul_041.mp4,1,0.0,1.0,2.58,4.36,0.67,2.94,2.22,-0.72,0.0
train,foul,foul_041.mp4,2,1.0,2.0,3.01,4.18,0.51,2.82,3.2,0.38,0.83
train,foul,foul_041.mp4,3,2.0,3.0,2.9,4.86,0.74,3.3,2.5,-0.8,0.0
train,foul,foul_041.mp4,4,3.0,4.0,3.74,41.73,7.93,2.11,5.38,3.28,0.96
train,foul,foul_042.mp4,1,0.0,1.0,9.42,13.21,1.28,10.02,8.81,-1.21,0.08
train,foul,foul_042.mp4,2,1.0,2.0,6.01,10.25,2.23,7.67,4.35,-3.32,0.08
train,foul,foul_042.mp4,3,2.0,3.0,6.61,9.02,1.17,6.43,6.78,0.35,0.92
train,foul,foul_042.mp4,4,3.0,4.0,15.55,47.76,9.9,11.74,19.37,7.63,0.42
train,foul,foul_043.mp4,1,0.0,1.0,19.01,46.7,7.0,20.38,17.63,-2.75,0.71
train,foul,foul_043.mp4,2,1.0,2.0,12.05,17.1,4.08,15.48,8.62,-6.86,0.25
train,foul,foul_043.mp4,3,2.0,3.0,13.99,51.03,9.18,14.98,13.01,-1.97,0.5
train,foul,foul_043.mp4,4,3.0,4.0,10.96,27.72,8.57,10.58,11.33,0.76,0.88
train,foul,foul_044.mp4,1,0.0,1.0,4.85,44.26,8.26,5.86,3.84,-2.02,0.33
train,foul,foul_044.mp4,2,1.0,2.0,3.35,4.12,0.26,3.56,3.15,-0.4,0.12
train,foul,foul_044.mp4,3,2.0,3.0,2.21,2.92,0.43,2.58,1.83,-0.75,0.0
train,foul,foul_044.mp4,4,3.0,4.0,7.16,41.63,9.17,1.87,12.44,10.56,0.67
train,foul,foul_045.mp4,1,0.0,1.0,8.48,32.89,5.5,6.39,10.57,4.18,0.75
train,foul,foul_045.mp4,2,1.0,2.0,10.55,13.28,1.4,10.34,10.76,0.42,0.83
train,foul,foul_045.mp4,3,2.0,3.0,10.89,13.68,1.42,10.32,11.45,1.13,0.62
train,foul,foul_045.mp4,4,3.0,4.0,5.51,36.02,7.11,8.77,2.26,-6.52,0.25
train,foul,foul_046.mp4,1,0.0,1.0,3.17,42.16,8.15,4.54,1.8,-2.73,0.33
train,foul,foul_046.mp4,2,1.0,2.0,7.24,28.34,4.98,6.43,8.05,1.62,0.25
train,foul,foul_046.mp4,3,2.0,3.0,5.01,14.06,4.65,6.86,3.17,-3.69,0.08
train,foul,foul_046.mp4,4,3.0,4.0,4.89,10.96,3.91,3.39,6.39,2.99,0.62
train,foul,foul_047.mp4,1,0.0,1.0,8.29,9.8,0.65,7.78,8.8,1.01,0.96
train,foul,foul_047.mp4,2,1.0,2.0,10.21,11.46,0.7,9.8,10.61,0.8,0.54
train,foul,foul_047.mp4,3,2.0,3.0,6.46,9.42,1.34,7.54,5.39,-2.15,0.0
train,foul,foul_047.mp4,4,3.0,4.0,3.65,4.84,0.7,4.04,3.25,-0.79,0.0
train,foul,foul_048.mp4,1,0.0,1.0,4.65,5.04,0.19,4.67,4.64,-0.03,0.46
train,foul,foul_048.mp4,2,1.0,2.0,3.79,4.6,0.69,4.4,3.18,-1.22,0.0
train,foul,foul_048.mp4,3,2.0,3.0,2.06,3.01,0.46,2.46,1.65,-0.81,0.38
train,foul,foul_048.mp4,4,3.0,4.0,15.12,54.73,11.2,12.81,17.43,4.62,0.25
train,foul,foul_049.mp4,1,0.0,1.0,19.35,103.44,22.95,30.2,8.51,-21.69,0.08
train,foul,foul_049.mp4,2,1.0,2.0,7.91,8.39,0.2,8.0,7.82,-0.18,0.46
train,foul,foul_049.mp4,3,2.0,3.0,7.65,8.2,0.24,7.8,7.5,-0.3,0.25
train,foul,foul_049.mp4,4,3.0,4.0,6.92,33.22,5.99,8.22,5.63,-2.59,0.38
train,foul,foul_050.mp4,1,0.0,1.0,9.16,10.81,0.98,10.03,8.28,-1.75,0.0
train,foul,foul_050.mp4,2,1.0,2.0,8.53,47.92,8.3,7.47,9.59,2.12,0.71
train,foul,foul_050.mp4,3,2.0,3.0,4.27,5.01,0.67,3.79,4.75,0.96,0.67
train,foul,foul_050.mp4,4,3.0,4.0,1.85,3.98,1.09,2.74,0.96,-1.77,0.0
train,foul,foul_051.mp4,1,0.0,1.0,3.49,5.44,1.26,4.63,2.34,-2.3,0.0
train,foul,foul_051.mp4,2,1.0,2.0,12.5,45.49,8.63,10.92,14.07,3.15,0.29
train,foul,foul_051.mp4,3,2.0,3.0,10.07,14.53,2.31,10.96,9.19,-1.78,0.0
train,foul,foul_051.mp4,4,3.0,4.0,16.61,38.48,5.27,18.01,15.21,-2.8,0.33
train,foul,foul_052.mp4,1,0.0,1.0,6.01,39.26,7.38,2.99,9.02,6.03,0.71
train,foul,foul_052.mp4,2,1.0,2.0,12.57,18.6,3.93,8.91,16.23,7.31,0.92
train,foul,foul_052.mp4,3,2.0,3.0,14.41,36.57,8.64,14.87,13.95,-0.92,0.71
train,foul,foul_052.mp4,4,3.0,4.0,2.17,2.55,0.19,2.29,2.05,-0.24,0.17
train,foul,foul_054.mp4,1,0.0,1.0,4.47,30.15,5.49,5.17,3.76,-1.42,0.42
train,foul,foul_054.mp4,2,1.0,2.0,3.13,4.66,0.79,2.91,3.34,0.43,0.67
train,foul,foul_054.mp4,3,2.0,3.0,3.63,5.79,0.99,3.32,3.95,0.63,0.79
train,foul,foul_054.mp4,4,3.0,4.0,5.69,28.85,4.89,4.47,6.9,2.42,0.71
train,foul,foul_058.mp4,1,0.0,1.0,23.33,79.97,21.41,21.03,25.63,4.6,0.46
train,foul,foul_058.mp4,2,1.0,2.0,3.68,7.53,1.5,4.63,2.73,-1.89,0.17
train,foul,foul_058.mp4,3,2.0,3.0,3.99,6.64,1.16,3.22,4.76,1.54,0.79
train,foul,foul_058.mp4,4,3.0,4.0,3.16,4.71,0.65,3.44,2.89,-0.55,0.17
train,foul,foul_059.mp4,1,0.0,1.0,24.44,48.22,8.9,28.32,20.57,-7.75,0.62
train,foul,foul_059.mp4,2,1.0,2.0,13.13,14.33,0.64,12.99,13.26,0.27,0.42
train,foul,foul_059.mp4,3,2.0,3.0,13.07,15.03,1.03,12.65,13.49,0.85,0.42
train,foul,foul_059.mp4,4,3.0,4.0,14.22,38.09,7.26,12.91,15.53,2.62,0.25
train,foul,foul_060.mp4,1,0.0,1.0,2.28,2.65,0.12,2.34,2.22,-0.12,0.46
train,foul,foul_060.mp4,2,1.0,2.0,14.45,48.35,10.96,13.37,15.53,2.17,0.25
train,foul,foul_060.mp4,3,2.0,3.0,17.39,22.86,8.7,16.65,18.13,1.48,0.46
train,foul,foul_060.mp4,4,3.0,4.0,12.31,53.02,10.65,17.15,7.47,-9.68,0.38
train,foul,foul_061.mp4,1,0.0,1.0,29.66,140.45,41.27,53.5,5.83,-47.67,0.0
train,foul,foul_061.mp4,2,1.0,2.0,2.7,3.92,0.56,2.83,2.56,-0.27,0.62
train,foul,foul_061.mp4,3,2.0,3.0,7.55,9.48,2.48,5.84,9.26,3.42,0.88
train,foul,foul_061.mp4,4,3.0,4.0,10.95,43.84,7.45,8.89,13.01,4.11,0.88
train,foul,foul_062.mp4,1,0.0,1.0,27.96,151.79,35.0,43.72,12.21,-31.5,0.46
train,foul,foul_062.mp4,2,1.0,2.0,14.39,17.07,1.75,14.91,13.87,-1.04,0.25
train,foul,foul_062.mp4,3,2.0,3.0,14.87,16.84,1.18,15.06,14.68,-0.38,0.17
train,foul,foul_062.mp4,4,3.0,4.0,9.07,14.41,3.54,12.15,6.0,-6.16,0.17
train,foul,foul_063.mp4,1,0.0,1.0,7.39,19.46,3.01,7.72,7.06,-0.67,0.96
train,foul,foul_063.mp4,2,1.0,2.0,11.03,67.13,13.3,17.17,4.9,-12.27,0.08
train,foul,foul_063.mp4,3,2.0,3.0,6.73,7.56,0.74,6.33,7.12,0.79,0.42
train,foul,foul_063.mp4,4,3.0,4.0,3.25,6.01,1.21,3.75,2.76,-0.99,0.0
train,foul,foul_064.mp4,1,0.0,1.0,23.77,31.32,6.11,18.72,28.81,10.09,0.92
train,foul,foul_064.mp4,2,1.0,2.0,17.24,52.82,12.74,26.31,8.16,-18.15,0.33
train,foul,foul_064.mp4,3,2.0,3.0,9.88,19.18,5.41,6.45,13.3,6.85,0.92
train,foul,foul_064.mp4,4,3.0,4.0,10.58,48.76,8.19,13.31,7.86,-5.46,0.0
train,foul,foul_067.mp4,1,0.0,1.0,20.37,77.74,17.76,21.74,19.0,-2.74,0.46
train,foul,foul_067.mp4,2,1.0,2.0,0.75,1.54,0.27,0.8,0.7,-0.1,0.04
train,foul,foul_067.mp4,3,2.0,3.0,2.67,4.96,1.06,1.78,3.55,1.76,0.92
train,foul,foul_067.mp4,4,3.0,4.0,10.0,57.34,10.98,4.64,15.35,10.71,0.67
train,foul,foul_068.mp4,1,0.0,1.0,10.01,50.14,8.45,12.03,7.98,-4.05,0.38
train,foul,foul_068.mp4,2,1.0,2.0,5.83,10.01,1.82,7.21,4.46,-2.75,0.08
train,foul,foul_068.mp4,3,2.0,3.0,8.67,12.29,2.45,7.12,10.23,3.11,0.71
train,foul,foul_068.mp4,4,3.0,4.0,7.94,12.22,2.8,9.71,6.16,-3.54,0.29
train,foul,foul_069.mp4,1,0.0,1.0,6.18,15.46,2.13,5.87,6.49,0.62,0.96
train,foul,foul_069.mp4,2,1.0,2.0,4.68,6.69,0.9,4.37,5.0,0.63,0.46
train,foul,foul_069.mp4,3,2.0,3.0,4.32,6.38,1.15,4.46,4.19,-0.27,0.46
train,foul,foul_069.mp4,4,3.0,4.0,5.39,15.63,2.75,4.34,6.44,2.1,0.46
train,foul,foul_070.mp4,1,0.0,1.0,7.11,8.11,0.54,7.31,6.91,-0.4,0.29
train,foul,foul_070.mp4,2,1.0,2.0,6.89,8.07,0.64,6.79,6.98,0.19,0.0
train,foul,foul_070.mp4,3,2.0,3.0,5.54,7.3,0.84,5.27,5.81,0.54,0.96
train,foul,foul_070.mp4,4,3.0,4.0,7.09,8.45,0.73,6.74,7.44,0.7,0.83
train,foul,foul_072.mp4,1,0.0,1.0,8.39,68.58,13.74,13.68,3.09,-10.58,0.0
train,foul,foul_072.mp4,2,1.0,2.0,3.08,4.23,0.45,3.28,2.89,-0.39,0.04
train,foul,foul_072.mp4,3,2.0,3.0,2.19,3.36,0.44,2.44,1.94,-0.5,0.04
train,foul,foul_072.mp4,4,3.0,4.0,1.26,2.53,0.43,1.47,1.05,-0.42,0.04
train,foul,foul_074.mp4,1,0.0,1.0,10.44,47.88,10.84,2.0,18.89,16.88,0.54
train,foul,foul_074.mp4,2,1.0,2.0,23.54,32.13,5.58,21.46,25.62,4.16,0.12
train,foul,foul_074.mp4,3,2.0,3.0,23.99,27.97,2.78,26.28,21.69,-4.59,0.04
train,foul,foul_074.mp4,4,3.0,4.0,24.24,26.41,1.4,23.31,25.17,1.86,0.88
train,foul,foul_075.mp4,1,0.0,1.0,4.62,6.28,1.19,3.9,5.33,1.43,0.96
train,foul,foul_075.mp4,2,1.0,2.0,5.72,7.92,1.23,5.75,5.7,-0.05,0.5
train,foul,foul_075.mp4,3,2.0,3.0,4.88,6.19,1.01,5.03,4.74,-0.29,0.38
train,foul,foul_075.mp4,4,3.0,4.0,4.41,6.6,1.32,4.69,4.12,-0.56,0.38
train,foul,foul_078.mp4,1,0.0,1.0,14.72,33.32,5.85,15.08,14.37,-0.71,0.42
train,foul,foul_078.mp4,2,1.0,2.0,16.8,28.99,5.22,17.85,15.74,-2.11,0.25
train,foul,foul_078.mp4,3,2.0,3.0,13.04,23.74,5.23,14.74,11.34,-3.4,0.04
train,foul,foul_078.mp4,4,3.0,4.0,14.81,52.83,9.35,13.84,15.78,1.94,0.79
train,foul,foul_081.mp4,1,0.0,1.0,18.22,77.89,18.41,24.04,12.4,-11.65,0.25
train,foul,foul_081.mp4,2,1.0,2.0,7.37,9.28,1.39,8.52,6.21,-2.31,0.33
train,foul,foul_081.mp4,3,2.0,3.0,4.24,5.08,0.37,4.51,3.97,-0.54,0.29
train,foul,foul_081.mp4,4,3.0,4.0,3.46,4.4,0.3,3.47,3.46,-0.01,0.75
train,foul,foul_082.mp4,1,0.0,1.0,4.9,44.05,8.22,6.6,3.2,-3.4,0.0
train,foul,foul_082.mp4,2,1.0,2.0,4.42,9.31,1.96,3.23,5.61,2.39,0.96
train,foul,foul_082.mp4,3,2.0,3.0,10.75,17.25,3.27,9.3,12.19,2.89,0.92
train,foul,foul_082.mp4,4,3.0,4.0,15.06,70.14,11.86,17.9,12.23,-5.67,0.33
train,foul,foul_084.mp4,1,0.0,1.0,6.77,7.77,0.55,7.01,6.53,-0.48,0.08
train,foul,foul_084.mp4,2,1.0,2.0,4.23,6.25,1.31,5.3,3.16,-2.15,0.08
train,foul,foul_084.mp4,3,2.0,3.0,3.71,6.34,1.82,2.02,5.41,3.39,0.83
train,foul,foul_084.mp4,4,3.0,4.0,6.27,7.78,0.76,6.15,6.4,0.26,0.42
train,normal_clean,normal_001.mp4,1,0.0,1.0,3.65,5.04,0.82,4.18,3.13,-1.05,0.08
train,normal_clean,normal_001.mp4,2,1.0,2.0,5.12,6.19,0.51,5.35,4.89,-0.46,0.08
train,normal_clean,normal_001.mp4,3,2.0,3.0,4.18,4.91,0.37,4.27,4.08,-0.2,0.38
train,normal_clean,normal_001.mp4,4,3.0,4.0,3.3,4.45,1.03,4.05,2.56,-1.49,0.21
train,normal_clean,normal_002.mp4,1,0.0,1.0,4.71,5.03,0.27,4.95,4.47,-0.48,0.25
train,normal_clean,normal_002.mp4,2,1.0,2.0,3.17,4.71,0.84,3.9,2.45,-1.45,0.04
train,normal_clean,normal_002.mp4,3,2.0,3.0,4.04,4.69,0.56,3.67,4.41,0.73,0.88
train,normal_clean,normal_002.mp4,4,3.0,4.0,4.08,4.37,0.15,4.14,4.02,-0.12,0.33
train,normal_clean,normal_006.mp4,1,0.0,1.0,3.42,4.34,0.41,3.18,3.67,0.48,0.88
train,normal_clean,normal_006.mp4,2,1.0,2.0,3.61,4.0,0.28,3.83,3.39,-0.44,0.33
train,normal_clean,normal_006.mp4,3,2.0,3.0,2.72,3.55,0.41,2.63,2.82,0.19,0.75
train,normal_clean,normal_006.mp4,4,3.0,3.16,1.84,2.15,0.34,1.37,2.07,0.71,0.33
train,normal_clean,normal_007.mp4,1,0.0,1.0,7.49,9.91,1.49,7.24,7.74,0.5,0.83
train,normal_clean,normal_007.mp4,2,1.0,2.0,11.14,39.79,6.12,11.4,10.87,-0.54,0.38
train,normal_clean,normal_007.mp4,3,2.0,3.0,7.51,10.66,1.87,8.76,6.26,-2.5,0.0
train,normal_clean,normal_007.mp4,4,3.0,4.0,9.61,36.31,6.04,9.99,9.23,-0.76,0.17
train,normal_clean,normal_008.mp4,1,0.0,1.0,15.54,145.04,30.22,14.94,16.14,1.2,0.67
train,normal_clean,normal_008.mp4,2,1.0,2.0,5.12,9.03,1.31,4.88,5.37,0.49,0.04
train,normal_clean,normal_008.mp4,3,2.0,3.0,6.96,7.67,0.37,6.81,7.11,0.3,0.5
train,normal_clean,normal_008.mp4,4,3.0,4.0,6.37,6.94,0.35,6.13,6.6,0.47,0.79
train,normal_clean,normal_009.mp4,1,0.0,1.0,6.32,20.09,2.89,6.92,5.72,-1.2,0.12
train,normal_clean,normal_009.mp4,2,1.0,2.0,4.98,5.67,0.68,5.08,4.88,-0.2,0.58
train,normal_clean,normal_009.mp4,3,2.0,3.0,5.38,6.55,0.9,5.57,5.19,-0.38,0.58
train,normal_clean,normal_009.mp4,4,3.0,4.0,5.84,6.73,0.7,5.92,5.76,-0.16,0.38
train,normal_clean,normal_010.mp4,1,0.0,1.0,4.79,6.11,0.4,4.53,5.05,0.51,0.75
train,normal_clean,normal_010.mp4,2,1.0,2.0,6.75,7.48,0.6,6.23,7.28,1.05,0.83
train,normal_clean,normal_010.mp4,3,2.0,3.0,5.88,7.36,1.77,7.19,4.57,-2.63,0.08
train,normal_clean,normal_010.mp4,4,3.0,4.0,7.31,8.8,1.12,6.37,8.25,1.88,0.83
train,normal_clean,normal_011.mp4,1,0.0,1.0,6.27,9.25,2.29,5.47,7.07,1.59,0.12
train,normal_clean,normal_011.mp4,2,1.0,2.0,7.59,9.66,1.25,8.1,7.09,-1.01,0.96
train,normal_clean,normal_011.mp4,3,2.0,3.0,12.02,13.76,0.93,11.48,12.57,1.09,0.54
train,normal_clean,normal_011.mp4,4,3.0,4.0,12.52,28.64,4.56,16.15,8.89,-7.27,0.46
train,normal_clean,normal_012.mp4,1,0.0,1.0,9.0,16.81,4.0,5.78,12.22,6.45,0.75
train,normal_clean,normal_012.mp4,2,1.0,2.0,13.81,16.24,1.49,12.65,14.96,2.31,0.96
train,normal_clean,normal_012.mp4,3,2.0,3.0,16.38,19.17,2.29,18.19,14.56,-3.63,0.29
train,normal_clean,normal_012.mp4,4,3.0,4.0,12.92,16.35,1.44,12.06,13.78,1.73,0.83
train,normal_clean,normal_013.mp4,1,0.0,1.0,5.79,8.63,1.89,4.17,7.4,3.24,0.79
train,normal_clean,normal_013.mp4,2,1.0,2.0,8.04,9.98,2.0,6.45,9.64,3.19,0.92
train,normal_clean,normal_013.mp4,3,2.0,3.0,4.89,28.16,5.01,5.73,4.04,-1.69,0.04
train,normal_clean,normal_013.mp4,4,3.0,4.0,3.51,5.15,1.24,4.52,2.51,-2.01,0.12
train,normal_clean,normal_016.mp4,1,0.0,1.0,15.19,31.21,6.73,13.54,16.83,3.29,0.83
train,normal_clean,normal_016.mp4,2,1.0,2.0,6.8,7.57,0.34,6.61,7.0,0.39,0.79
train,normal_clean,normal_016.mp4,3,2.0,3.0,8.67,55.75,9.84,11.21,6.14,-5.07,0.46
train,normal_clean,normal_016.mp4,4,3.0,4.0,6.12,7.16,0.66,6.14,6.1,-0.04,0.62
train,normal_clean,normal_017.mp4,1,0.0,1.0,6.96,7.9,0.64,6.53,7.38,0.85,0.92
train,normal_clean,normal_017.mp4,2,1.0,2.0,7.38,8.5,0.82,8.13,6.63,-1.5,0.25
train,normal_clean,normal_017.mp4,3,2.0,3.0,8.84,60.09,10.71,6.66,11.02,4.36,0.92
train,normal_clean,normal_017.mp4,4,3.0,3.36,3.82,5.88,0.99,3.06,4.59,1.53,0.88
train,normal_clean,normal_019.mp4,1,0.0,1.0,3.25,3.94,0.47,3.6,2.89,-0.71,0.33
train,normal_clean,normal_019.mp4,2,1.0,2.0,2.94,3.41,0.31,3.18,2.7,-0.47,0.08
train,normal_clean,normal_019.mp4,3,2.0,3.0,2.48,2.84,0.19,2.39,2.56,0.18,0.88
train,normal_clean,normal_019.mp4,4,3.0,4.0,2.72,3.53,0.42,2.44,2.99,0.55,0.83
train,normal_clean,normal_020.mp4,1,0.0,1.0,3.19,3.88,0.51,2.77,3.6,0.83,0.96
train,normal_clean,normal_020.mp4,2,1.0,2.0,3.83,4.43,0.34,4.02,3.63,-0.39,0.42
train,normal_clean,normal_020.mp4,3,2.0,3.0,2.81,3.23,0.33,2.77,2.85,0.08,0.88
train,normal_clean,normal_020.mp4,4,3.0,4.0,2.09,2.71,0.32,2.32,1.86,-0.46,0.0
train,normal_clean,normal_022.mp4,1,0.0,1.0,10.03,64.38,11.34,7.92,12.14,4.22,0.92
train,normal_clean,normal_022.mp4,2,1.0,2.0,6.83,38.68,9.44,11.59,2.08,-9.51,0.21
train,normal_clean,normal_022.mp4,3,2.0,3.0,1.54,2.38,0.36,1.39,1.69,0.3,0.83
train,normal_clean,normal_022.mp4,4,3.0,4.0,2.27,3.96,0.94,1.7,2.83,1.13,0.83
train,normal_clean,normal_023.mp4,1,0.0,1.0,4.4,77.46,15.26,6.75,2.06,-4.69,0.42
train,normal_clean,normal_023.mp4,2,1.0,2.0,2.39,2.98,0.3,2.53,2.25,-0.28,0.38
train,normal_clean,normal_023.mp4,3,2.0,3.0,3.95,4.57,0.4,3.63,4.27,0.64,0.96
train,normal_clean,normal_023.mp4,4,3.0,4.0,3.37,4.51,0.57,3.8,2.95,-0.84,0.0
train,normal_clean,normal_024.mp4,1,0.0,1.0,6.09,7.6,1.01,6.5,5.69,-0.82,0.5
train,normal_clean,normal_024.mp4,2,1.0,2.0,3.33,4.15,0.61,3.58,3.07,-0.51,0.04
train,normal_clean,normal_024.mp4,3,2.0,3.0,4.2,5.39,0.84,4.73,3.67,-1.06,0.38
train,normal_clean,normal_024.mp4,4,3.0,4.0,4.66,6.03,1.43,3.75,5.58,1.83,0.46
train,normal_clean,normal_025.mp4,1,0.0,1.0,2.78,4.16,0.48,2.57,3.0,0.44,0.83
train,normal_clean,normal_025.mp4,2,1.0,2.0,2.48,3.3,0.43,2.22,2.74,0.52,0.92
train,normal_clean,normal_025.mp4,3,2.0,3.0,4.21,4.83,0.3,3.99,4.42,0.43,0.88
train,normal_clean,normal_025.mp4,4,3.0,3.56,2.86,3.5,0.36,3.12,2.63,-0.5,0.0
train,normal_clean,normal_027.mp4,1,0.0,1.0,2.62,3.41,0.43,3.0,2.23,-0.77,0.08
train,normal_clean,normal_027.mp4,2,1.0,2.0,3.36,4.06,0.52,2.98,3.73,0.75,0.92
train,normal_clean,normal_027.mp4,3,2.0,3.0,3.57,4.09,0.38,3.69,3.45,-0.25,0.17
train,normal_clean,normal_027.mp4,4,3.0,4.0,5.49,7.44,1.0,5.03,5.96,0.93,0.96
train,normal_clean,normal_028.mp4,1,0.0,1.0,3.84,4.82,0.43,3.74,3.95,0.21,0.96
train,normal_clean,normal_028.mp4,2,1.0,2.0,5.08,34.52,6.14,6.4,3.76,-2.64,0.21
train,normal_clean,normal_028.mp4,3,2.0,3.0,4.67,5.42,0.34,4.41,4.92,0.51,0.96
train,normal_clean,normal_028.mp4,4,3.0,4.0,6.49,7.94,0.76,5.81,7.16,1.35,0.96
train,normal_clean,normal_029.mp4,1,0.0,1.0,1.96,2.48,0.2,2.07,1.86,-0.22,0.46
train,normal_clean,normal_029.mp4,2,1.0,2.0,2.45,3.44,0.79,1.8,3.1,1.3,0.92
train,normal_clean,normal_029.mp4,3,2.0,3.0,2.74,3.29,0.32,3.0,2.48,-0.51,0.0
train,normal_clean,normal_029.mp4,4,3.0,4.0,2.07,2.53,0.17,2.0,2.15,0.15,0.83
train,normal_clean,normal_030.mp4,1,0.0,1.0,1.39,1.73,0.14,1.46,1.31,-0.15,0.46
train,normal_clean,normal_030.mp4,2,1.0,2.0,0.73,1.27,0.22,0.84,0.62,-0.22,0.42
train,normal_clean,normal_030.mp4,3,2.0,3.0,1.24,2.02,0.41,1.31,1.18,-0.13,0.38
train,normal_clean,normal_030.mp4,4,3.0,4.0,0.89,1.45,0.31,0.68,1.09,0.41,0.83
train,normal_clean,normal_031.mp4,1,0.0,1.0,10.44,51.74,9.71,7.98,12.9,4.92,0.46
train,normal_clean,normal_031.mp4,2,1.0,2.0,14.11,17.52,3.15,16.16,12.06,-4.1,0.42
train,normal_clean,normal_031.mp4,3,2.0,3.0,18.37,58.15,8.61,18.44,18.3,-0.15,0.04
train,normal_clean,normal_031.mp4,4,3.0,4.0,18.35,47.08,6.57,21.36,15.33,-6.03,0.42
train,normal_clean,normal_032.mp4,1,0.0,1.0,1.63,2.79,0.3,1.59,1.67,0.08,0.46
train,normal_clean,normal_032.mp4,2,1.0,2.0,3.64,4.44,0.51,3.63,3.65,0.02,0.42
train,normal_clean,normal_032.mp4,3,2.0,3.0,1.7,3.12,0.69,2.25,1.16,-1.09,0.04
train,normal_clean,normal_032.mp4,4,3.0,4.0,3.85,16.81,2.9,3.67,4.04,0.38,0.46
train,normal_clean,normal_033.mp4,1,0.0,1.0,3.21,3.88,0.29,3.17,3.24,0.07,0.58
train,normal_clean,normal_033.mp4,2,1.0,2.0,6.21,26.8,4.65,3.77,8.66,4.89,0.96
train,normal_clean,normal_033.mp4,3,2.0,3.0,15.42,19.48,2.2,15.99,14.86,-1.14,0.67
train,normal_clean,normal_033.mp4,4,3.0,4.0,11.85,17.08,2.74,9.89,13.81,3.91,0.96
train,normal_clean,normal_034.mp4,1,0.0,1.0,7.6,26.81,4.31,5.36,9.84,4.48,0.96
train,normal_clean,normal_034.mp4,2,1.0,2.0,2.89,3.45,0.21,2.79,2.98,0.19,0.92
train,normal_clean,normal_034.mp4,3,2.0,3.0,2.28,2.97,0.45,2.66,1.89,-0.77,0.0
train,normal_clean,normal_034.mp4,4,3.0,4.0,2.98,4.16,1.03,2.07,3.88,1.81,0.83
train,normal_clean,normal_035.mp4,1,0.0,1.0,2.23,4.96,1.1,1.77,2.69,0.92,0.96
train,normal_clean,normal_035.mp4,2,1.0,2.0,3.76,5.45,0.64,4.2,3.32,-0.88,0.0
train,normal_clean,normal_035.mp4,3,2.0,3.0,3.75,4.64,0.56,3.31,4.2,0.89,0.88
train,normal_clean,normal_035.mp4,4,3.0,4.0,4.02,4.51,0.43,4.3,3.73,-0.57,0.04
train,normal_clean,normal_036.mp4,1,0.0,1.0,3.26,4.85,0.96,2.39,4.14,1.74,0.71
train,normal_clean,normal_036.mp4,2,1.0,2.0,4.92,5.51,0.33,4.77,5.07,0.29,0.75
train,normal_clean,normal_036.mp4,3,2.0,3.0,2.86,4.92,0.79,3.52,2.2,-1.32,0.0
train,normal_clean,normal_036.mp4,4,3.0,4.0,2.18,2.71,0.26,2.1,2.25,0.15,0.83
train,normal_clean,normal_038.mp4,1,0.0,1.0,4.37,4.75,0.14,4.41,4.33,-0.08,0.46
train,normal_clean,normal_038.mp4,2,1.0,2.0,3.91,4.33,0.32,4.08,3.73,-0.35,0.0
train,normal_clean,normal_038.mp4,3,2.0,3.0,4.51,5.5,0.64,4.19,4.83,0.64,0.42
train,normal_clean,normal_038.mp4,4,3.0,4.0,6.26,6.96,0.35,6.13,6.4,0.26,0.58
train,normal_clean,normal_039.mp4,1,0.0,1.0,12.14,24.97,6.06,11.68,12.59,0.91,0.79
train,normal_clean,normal_039.mp4,2,1.0,2.0,3.65,5.16,0.71,3.37,3.93,0.57,0.88
train,normal_clean,normal_039.mp4,3,2.0,3.0,4.1,5.69,0.82,3.88,4.32,0.44,0.88
train,normal_clean,normal_039.mp4,4,3.0,4.0,7.07,10.37,1.82,5.72,8.41,2.69,0.88
train,normal_clean,normal_040.mp4,1,0.0,1.0,9.98,43.48,7.28,7.8,12.16,4.35,0.54
train,normal_clean,normal_040.mp4,2,1.0,2.0,13.64,18.03,4.84,9.77,17.51,7.74,0.92
train,normal_clean,normal_040.mp4,3,2.0,3.0,18.18,19.79,0.7,17.61,18.74,1.12,0.96
train,normal_clean,normal_040.mp4,4,3.0,4.0,18.97,20.83,1.17,18.31,19.62,1.31,0.5
train,normal_clean,normal_041.mp4,1,0.0,1.0,18.99,42.09,7.67,22.16,15.82,-6.34,0.71
train,normal_clean,normal_041.mp4,2,1.0,2.0,6.64,9.55,0.65,6.61,6.67,0.06,0.96
train,normal_clean,normal_041.mp4,3,2.0,3.0,7.45,9.07,0.64,7.39,7.51,0.12,0.38
train,normal_clean,normal_041.mp4,4,3.0,4.0,7.16,7.56,0.21,7.04,7.28,0.23,0.83
train,normal_clean,normal_043.mp4,1,0.0,1.0,3.92,4.66,0.52,4.24,3.59,-0.65,0.42
train,normal_clean,normal_043.mp4,2,1.0,2.0,3.92,4.53,0.26,3.72,4.12,0.4,0.92
train,normal_clean,normal_043.mp4,3,2.0,3.0,6.45,7.3,0.73,5.89,7.01,1.12,0.67
train,normal_clean,normal_043.mp4,4,3.0,4.0,6.23,7.08,0.82,6.93,5.53,-1.4,0.38
train,normal_clean,normal_045.mp4,1,0.0,1.0,2.83,3.22,0.16,2.83,2.82,-0.01,0.0
train,normal_clean,normal_045.mp4,2,1.0,2.0,2.63,2.9,0.11,2.59,2.67,0.08,0.42
train,normal_clean,normal_045.mp4,3,2.0,3.0,3.84,4.69,0.74,3.22,4.45,1.23,0.96
train,normal_clean,normal_045.mp4,4,3.0,4.0,6.93,8.5,1.22,5.84,8.01,2.16,0.88
train,normal_clean,normal_046.mp4,1,0.0,1.0,4.95,76.23,14.87,2.13,7.76,5.63,0.96
train,normal_clean,normal_046.mp4,2,1.0,2.0,3.94,4.41,0.24,3.84,4.05,0.21,0.62
train,normal_clean,normal_046.mp4,3,2.0,3.0,3.33,3.89,0.32,3.61,3.05,-0.56,0.38
train,normal_clean,normal_046.mp4,4,3.0,4.0,3.83,4.47,0.25,3.86,3.79,-0.07,0.33
train,normal_clean,normal_048.mp4,1,0.0,1.0,5.05,5.31,0.15,5.13,4.97,-0.15,0.75
train,normal_clean,normal_048.mp4,2,1.0,2.0,4.7,6.15,1.26,4.13,5.27,1.14,0.54
train,normal_clean,normal_048.mp4,3,2.0,3.0,2.52,3.03,0.28,2.62,2.42,-0.2,0.0
train,normal_clean,normal_048.mp4,4,3.0,4.0,3.54,5.42,1.22,4.6,2.48,-2.12,0.33
train,normal_clean,normal_049.mp4,1,0.0,1.0,4.84,5.53,0.48,5.27,4.42,-0.85,0.17
train,normal_clean,normal_049.mp4,2,1.0,2.0,3.0,3.66,0.27,2.78,3.22,0.45,0.92
train,normal_clean,normal_049.mp4,3,2.0,3.0,5.58,6.97,1.09,4.68,6.47,1.79,0.96
train,normal_clean,normal_049.mp4,4,3.0,4.0,8.08,9.25,0.79,7.39,8.78,1.38,0.88
train,normal_clean,normal_055.mp4,1,0.0,1.0,7.31,19.4,2.87,6.05,8.57,2.52,0.75
train,normal_clean,normal_055.mp4,2,1.0,2.0,8.97,10.44,1.82,10.29,7.66,-2.63,0.21
train,normal_clean,normal_055.mp4,3,2.0,3.0,8.99,9.77,0.59,9.45,8.53,-0.92,0.17
train,normal_clean,normal_055.mp4,4,3.0,4.0,5.15,6.92,0.7,5.64,4.65,-0.99,0.0
train,normal_clean,normal_056.mp4,1,0.0,1.0,9.64,9.9,0.15,9.54,9.74,0.21,0.58
train,normal_clean,normal_056.mp4,2,1.0,2.0,9.45,23.85,3.01,8.72,10.18,1.46,0.96
train,normal_clean,normal_056.mp4,3,2.0,3.0,7.88,9.0,0.91,8.69,7.06,-1.63,0.0
train,normal_clean,normal_056.mp4,4,3.0,4.0,5.57,7.8,1.11,6.2,4.93,-1.27,0.12
train,normal_clean,normal_057.mp4,1,0.0,1.0,3.61,52.6,10.35,1.04,6.18,5.15,0.83
train,normal_clean,normal_057.mp4,2,1.0,2.0,5.16,7.07,0.98,6.03,4.28,-1.76,0.04
train,normal_clean,normal_057.mp4,3,2.0,3.0,4.16,6.23,1.03,3.48,4.84,1.36,0.92
train,normal_clean,normal_057.mp4,4,3.0,4.0,6.52,7.73,0.64,6.31,6.72,0.41,0.79
train,normal_clean,normal_059.mp4,1,0.0,1.0,4.59,20.85,3.82,2.18,7.01,4.82,0.5
train,normal_clean,normal_059.mp4,2,1.0,2.0,3.1,5.17,1.12,4.03,2.18,-1.85,0.04
train,normal_clean,normal_059.mp4,3,2.0,3.0,4.07,7.42,1.9,2.62,5.52,2.9,0.96
train,normal_clean,normal_059.mp4,4,3.0,4.0,8.84,10.67,0.96,8.06,9.62,1.57,0.92
train,normal_clean,normal_061.mp4,1,0.0,1.0,5.26,22.38,4.25,6.76,3.76,-3.0,0.17
train,normal_clean,normal_061.mp4,2,1.0,2.0,3.02,3.71,0.33,3.24,2.81,-0.44,0.12
train,normal_clean,normal_061.mp4,3,2.0,3.0,4.51,5.41,0.43,4.74,4.27,-0.46,0.25
train,normal_clean,normal_061.mp4,4,3.0,4.0,4.77,5.7,0.57,4.28,5.25,0.97,0.79
train,normal_hard,normal_004.mp4,1,0.0,1.0,5.49,21.55,3.88,4.31,6.6,2.28,0.62
train,normal_hard,normal_004.mp4,2,1.0,2.0,7.15,9.49,3.25,6.98,7.31,0.33,0.59
train,normal_hard,normal_004.mp4,3,2.0,3.0,6.51,9.09,3.29,7.64,5.45,-2.19,0.0
train,normal_hard,normal_004.mp4,4,3.0,4.0,5.95,34.62,6.07,4.44,7.37,2.93,0.45
train,normal_hard,normal_006.mp4,1,0.0,1.0,35.74,73.33,16.98,38.76,32.92,-5.84,0.66
train,normal_hard,normal_006.mp4,2,1.0,2.0,6.08,8.14,2.44,5.62,6.5,0.87,0.97
train,normal_hard,normal_006.mp4,3,2.0,3.0,6.61,8.54,2.69,7.03,6.21,-0.81,0.31
train,normal_hard,normal_006.mp4,4,3.0,4.0,5.03,8.38,2.52,5.37,4.72,-0.66,0.45
train,normal_hard,normal_007.mp4,1,0.0,1.0,9.67,26.14,7.13,4.03,14.94,10.92,0.79
train,normal_hard,normal_007.mp4,2,1.0,2.0,3.47,6.68,1.61,3.42,3.51,0.08,0.0
train,normal_hard,normal_007.mp4,3,2.0,3.0,2.35,4.24,1.15,2.72,2.01,-0.71,0.0
train,normal_hard,normal_007.mp4,4,3.0,4.0,4.69,16.76,3.01,3.83,5.5,1.67,0.72
train,normal_hard,normal_008.mp4,1,0.0,1.0,3.32,15.72,2.74,4.43,2.28,-2.14,0.1
train,normal_hard,normal_008.mp4,2,1.0,2.0,4.46,22.39,3.86,4.3,4.61,0.31,0.45
train,normal_hard,normal_008.mp4,3,2.0,3.0,5.04,9.62,2.52,4.5,5.55,1.05,0.97
train,normal_hard,normal_008.mp4,4,3.0,4.0,9.85,29.04,5.94,9.22,10.44,1.21,0.66
train,normal_hard,normal_009.mp4,1,0.0,1.0,11.43,15.43,5.23,10.87,11.95,1.07,0.72
train,normal_hard,normal_009.mp4,2,1.0,2.0,16.08,69.38,13.22,15.75,16.39,0.64,0.48
train,normal_hard,normal_009.mp4,3,2.0,3.0,14.15,20.86,5.95,13.64,14.62,0.98,0.86
train,normal_hard,normal_009.mp4,4,3.0,4.0,10.04,28.44,5.41,9.64,10.41,0.77,0.31
train,normal_hard,normal_010.mp4,1,0.0,1.0,28.81,80.6,17.57,24.88,32.48,7.59,0.86
train,normal_hard,normal_010.mp4,2,1.0,2.0,7.0,9.34,3.09,6.34,7.63,1.29,0.9
train,normal_hard,normal_010.mp4,3,2.0,3.0,8.03,24.94,4.83,7.76,8.27,0.51,0.9
train,normal_hard,normal_010.mp4,4,3.0,4.0,7.07,10.35,3.35,6.41,7.69,1.28,0.62
train,normal_hard,normal_011.mp4,1,0.0,1.0,31.52,50.96,7.12,26.88,35.85,8.97,0.93
train,normal_hard,normal_011.mp4,2,1.0,2.0,16.45,61.07,13.02,19.69,13.43,-6.26,0.07
train,normal_hard,normal_011.mp4,3,2.0,3.0,12.03,17.51,6.08,14.79,9.46,-5.34,0.14
train,normal_hard,normal_011.mp4,4,3.0,4.0,3.18,5.17,1.17,2.59,3.74,1.15,0.83
train,normal_hard,normal_012.mp4,1,0.0,1.0,14.08,19.62,3.61,12.43,15.62,3.2,0.76
train,normal_hard,normal_012.mp4,2,1.0,2.0,12.37,43.84,8.19,17.96,7.15,-10.81,0.24
train,normal_hard,normal_012.mp4,3,2.0,3.0,5.26,6.97,2.14,5.39,5.13,-0.26,0.1
train,normal_hard,normal_012.mp4,4,3.0,4.0,2.42,4.03,1.11,2.79,2.07,-0.72,0.55
train,normal_hard,normal_013.mp4,1,0.0,1.0,8.95,11.35,1.48,9.76,8.19,-1.56,0.0
train,normal_hard,normal_013.mp4,2,1.0,2.0,5.07,18.46,3.22,7.1,3.18,-3.92,0.38
train,normal_hard,normal_013.mp4,3,2.0,3.0,2.71,3.64,1.21,2.85,2.57,-0.28,0.0
train,normal_hard,normal_013.mp4,4,3.0,4.0,2.77,3.93,1.27,2.78,2.75,-0.03,0.59
train,normal_hard,normal_014.mp4,1,0.0,1.0,29.55,60.99,10.75,22.37,36.26,13.89,0.97
train,normal_hard,normal_014.mp4,2,1.0,2.0,3.39,4.56,1.52,3.31,3.47,0.16,0.14
train,normal_hard,normal_014.mp4,3,2.0,3.0,3.37,4.39,1.52,3.11,3.61,0.51,0.38
train,normal_hard,normal_014.mp4,4,3.0,4.0,2.71,3.53,1.19,2.62,2.79,0.17,0.03
train,normal_hard,normal_015.mp4,1,0.0,1.0,10.92,17.73,5.7,11.2,10.66,-0.54,0.0
train,normal_hard,normal_015.mp4,2,1.0,2.0,7.03,28.02,4.84,7.49,6.6,-0.89,0.03
train,normal_hard,normal_015.mp4,3,2.0,3.0,7.18,9.01,3.25,6.79,7.55,0.76,0.79
train,normal_hard,normal_015.mp4,4,3.0,4.0,3.05,7.51,2.03,4.06,2.1,-1.95,0.03
train,normal_hard,normal_018.mp4,1,0.0,1.0,7.53,20.28,3.91,5.7,9.24,3.54,0.86
train,normal_hard,normal_018.mp4,2,1.0,2.0,9.9,13.84,4.26,10.26,9.57,-0.69,0.03
train,normal_hard,normal_018.mp4,3,2.0,3.0,4.23,10.1,2.56,5.38,3.17,-2.21,0.0
train,normal_hard,normal_018.mp4,4,3.0,4.0,3.14,6.89,1.94,2.18,4.03,1.85,0.97
train,normal_hard,normal_019.mp4,1,0.0,1.0,5.25,6.46,1.89,5.03,5.45,0.42,0.62
train,normal_hard,normal_019.mp4,2,1.0,2.0,4.13,5.96,1.67,4.81,3.49,-1.32,0.0
train,normal_hard,normal_019.mp4,3,2.0,3.0,2.7,3.64,0.98,2.99,2.44,-0.56,0.0
train,normal_hard,normal_019.mp4,4,3.0,4.0,2.13,3.15,0.91,1.61,2.61,1.0,0.97
train,normal_hard,normal_020.mp4,1,0.0,1.0,8.19,11.26,1.53,8.54,7.86,-0.69,0.45
train,normal_hard,normal_020.mp4,2,1.0,2.0,5.9,79.05,13.92,8.71,3.27,-5.43,0.03
train,normal_hard,normal_020.mp4,3,2.0,3.0,4.61,5.92,1.84,4.35,4.84,0.49,0.97
train,normal_hard,normal_020.mp4,4,3.0,4.0,10.42,68.21,13.7,4.76,15.72,10.96,0.69
train,normal_hard,normal_021.mp4,1,0.0,1.0,25.22,33.79,4.48,25.98,24.5,-1.47,0.28
train,normal_hard,normal_021.mp4,2,1.0,2.0,16.25,68.03,12.8,20.83,11.96,-8.87,0.52
train,normal_hard,normal_021.mp4,3,2.0,3.0,6.26,8.11,2.59,6.15,6.36,0.22,0.59
train,normal_hard,normal_021.mp4,4,3.0,4.0,5.44,7.78,2.13,5.77,5.13,-0.64,0.48
train,normal_hard,normal_024.mp4,1,0.0,1.0,12.15,15.79,1.56,12.44,11.89,-0.55,0.59
train,normal_hard,normal_024.mp4,2,1.0,2.0,11.16,42.14,6.92,11.93,10.45,-1.48,0.38
train,normal_hard,normal_024.mp4,3,2.0,3.0,8.55,12.49,4.03,9.18,7.97,-1.21,0.17
train,normal_hard,normal_024.mp4,4,3.0,4.0,2.89,8.44,2.07,3.95,1.91,-2.04,0.0
train,normal_hard,normal_027.mp4,1,0.0,1.0,15.59,18.38,2.03,16.69,14.57,-2.11,0.45
train,normal_hard,normal_027.mp4,2,1.0,2.0,19.34,49.84,11.62,28.92,10.39,-18.53,0.38
train,normal_hard,normal_027.mp4,3,2.0,3.0,5.5,7.08,2.48,5.19,5.8,0.62,0.93
train,normal_hard,normal_027.mp4,4,3.0,4.0,5.35,7.36,2.49,5.25,5.44,0.19,0.55
train,normal_hard,normal_029.mp4,1,0.0,1.0,37.55,101.19,20.17,36.45,38.58,2.13,0.86
train,normal_hard,normal_029.mp4,2,1.0,2.0,14.02,27.34,3.26,15.24,12.88,-2.36,0.17
train,normal_hard,normal_029.mp4,3,2.0,3.0,15.56,33.95,6.49,19.34,12.02,-7.33,0.38
train,normal_hard,normal_029.mp4,4,3.0,4.0,6.28,25.27,4.4,8.51,4.2,-4.32,0.38
train,normal_hard,normal_030.mp4,1,0.0,1.0,4.56,6.46,2.08,4.51,4.6,0.09,0.83
train,normal_hard,normal_030.mp4,2,1.0,2.0,19.27,81.68,18.87,15.36,22.92,7.56,0.52
train,normal_hard,normal_030.mp4,3,2.0,3.0,14.35,17.53,2.13,13.64,15.02,1.38,0.97
train,normal_hard,normal_030.mp4,4,3.0,4.0,19.62,67.8,11.67,16.72,22.33,5.61,0.79
train,normal_hard,normal_031.mp4,1,0.0,1.0,16.46,81.67,20.17,4.93,27.22,22.3,0.86
train,normal_hard,normal_031.mp4,2,1.0,2.0,17.52,54.72,11.05,21.14,14.15,-6.99,0.31
train,normal_hard,normal_031.mp4,3,2.0,3.0,14.2,20.88,5.31,12.89,15.43,2.54,0.9
train,normal_hard,normal_031.mp4,4,3.0,4.0,19.11,57.25,10.22,17.85,20.29,2.43,0.9
train,normal_hard,normal_032.mp4,1,0.0,1.0,21.16,29.11,4.65,19.25,22.95,3.7,0.62
train,normal_hard,normal_032.mp4,2,1.0,2.0,20.03,88.86,15.43,24.91,15.47,-9.44,0.48
train,normal_hard,normal_032.mp4,3,2.0,3.0,10.11,15.12,1.73,10.21,10.01,-0.21,0.14
train,normal_hard,normal_032.mp4,4,3.0,4.0,10.88,34.75,4.77,9.8,11.88,2.07,0.83
train,normal_hard,normal_033.mp4,1,0.0,1.0,24.69,88.87,13.75,21.38,27.78,6.4,0.9
train,normal_hard,normal_033.mp4,2,1.0,2.0,12.69,37.22,6.12,13.04,12.36,-0.68,0.38
train,normal_hard,normal_033.mp4,3,2.0,3.0,10.62,17.5,4.42,11.9,9.42,-2.48,0.0
train,normal_hard,normal_033.mp4,4,3.0,4.0,9.6,58.23,10.6,11.02,8.28,-2.74,0.55
train,normal_hard,normal_034.mp4,1,0.0,1.0,16.1,88.85,15.83,19.88,12.56,-7.33,0.1
train,normal_hard,normal_034.mp4,2,1.0,2.0,7.09,45.21,8.99,10.94,3.5,-7.44,0.21
train,normal_hard,normal_034.mp4,3,2.0,3.0,4.65,7.17,1.44,3.5,5.72,2.22,0.93
train,normal_hard,normal_034.mp4,4,3.0,4.0,10.61,21.46,4.74,6.54,14.42,7.88,0.69
train,normal_hard,normal_035.mp4,1,0.0,1.0,8.54,45.22,9.01,14.22,3.24,-10.98,0.38
train,normal_hard,normal_035.mp4,2,1.0,2.0,3.53,16.89,2.8,4.27,2.84,-1.42,0.14
train,normal_hard,normal_035.mp4,3,2.0,3.0,3.78,6.24,2.07,2.96,4.54,1.58,0.79
train,normal_hard,normal_035.mp4,4,3.0,4.0,2.7,3.99,1.27,2.82,2.59,-0.23,0.17
train,normal_hard,normal_037.mp4,1,0.0,1.0,14.29,69.8,13.34,7.69,20.44,12.75,0.79
train,normal_hard,normal_037.mp4,2,1.0,2.0,23.91,32.62,3.97,23.97,23.85,-0.12,0.9
train,normal_hard,normal_037.mp4,3,2.0,3.0,16.75,34.02,6.52,20.24,13.49,-6.75,0.0
train,normal_hard,normal_037.mp4,4,3.0,4.0,23.35,46.97,9.93,16.38,29.86,13.49,0.93
train,normal_hard,normal_038.mp4,1,0.0,1.0,23.83,43.62,5.49,22.69,24.88,2.19,0.9
train,normal_hard,normal_038.mp4,2,1.0,2.0,10.46,13.4,3.9,10.19,10.72,0.53,0.0
train,normal_hard,normal_038.mp4,3,2.0,3.0,10.81,16.27,4.56,9.67,11.88,2.2,0.72
train,normal_hard,normal_038.mp4,4,3.0,4.0,12.46,36.14,6.47,12.45,12.47,0.02,0.79
train,normal_hard,normal_039.mp4,1,0.0,1.0,12.54,49.99,7.9,12.01,13.03,1.03,0.79
train,normal_hard,normal_039.mp4,2,1.0,2.0,7.85,10.31,3.57,8.44,7.3,-1.14,0.24
train,normal_hard,normal_039.mp4,3,2.0,3.0,9.31,11.87,4.21,9.29,9.32,0.03,0.93
train,normal_hard,normal_039.mp4,4,3.0,4.0,8.36,24.83,5.06,9.05,7.71,-1.34,0.86
train,normal_hard,normal_040.mp4,1,0.0,1.0,8.02,64.97,11.72,6.94,9.03,2.08,0.45
train,normal_hard,normal_040.mp4,2,1.0,2.0,10.62,14.22,4.94,11.61,9.7,-1.91,0.59
train,normal_hard,normal_040.mp4,3,2.0,3.0,12.53,18.75,6.27,11.24,13.74,2.5,0.66
train,normal_hard,normal_040.mp4,4,3.0,4.0,15.05,48.16,9.36,15.5,14.63,-0.87,0.76
train,normal_hard,normal_042.mp4,1,0.0,1.0,13.35,19.98,2.83,12.06,14.56,2.5,0.83
train,normal_hard,normal_042.mp4,2,1.0,2.0,6.13,7.93,2.73,6.34,5.93,-0.4,0.93
train,normal_hard,normal_042.mp4,3,2.0,3.0,5.71,7.85,2.58,6.16,5.29,-0.87,0.0
train,normal_hard,normal_042.mp4,4,3.0,4.0,5.63,11.85,3.56,3.94,7.21,3.27,0.69
train,normal_hard,normal_043.mp4,1,0.0,1.0,10.25,13.45,2.41,11.98,8.64,-3.34,0.17
train,normal_hard,normal_043.mp4,2,1.0,2.0,4.72,6.15,2.11,5.08,4.38,-0.7,0.03
train,normal_hard,normal_043.mp4,3,2.0,3.0,3.83,5.08,1.75,4.26,3.43,-0.83,0.17
train,normal_hard,normal_043.mp4,4,3.0,4.0,5.73,76.97,13.61,2.94,8.33,5.39,0.9
train,normal_hard,normal_045.mp4,1,0.0,1.0,8.13,67.69,11.79,8.04,8.22,0.18,0.83
train,normal_hard,normal_045.mp4,2,1.0,2.0,7.37,10.16,3.5,6.86,7.84,0.98,0.62
train,normal_hard,normal_045.mp4,3,2.0,3.0,9.04,11.39,4.07,9.14,8.94,-0.2,0.62
train,normal_hard,normal_045.mp4,4,3.0,4.0,8.49,27.35,4.91,8.97,8.05,-0.91,0.9
train,normal_hard,normal_046.mp4,1,0.0,1.0,9.95,17.85,5.22,8.28,11.51,3.24,0.66
train,normal_hard,normal_046.mp4,2,1.0,2.0,7.33,40.48,6.85,8.77,5.98,-2.79,0.0
train,normal_hard,normal_046.mp4,3,2.0,3.0,4.58,7.16,2.49,5.9,3.36,-2.54,0.03
train,normal_hard,normal_046.mp4,4,3.0,4.0,7.34,37.31,6.41,8.42,6.34,-2.08,0.28
train,normal_hard,normal_047.mp4,1,0.0,1.0,6.73,9.72,3.12,5.65,7.74,2.09,0.97
train,normal_hard,normal_047.mp4,2,1.0,2.0,12.47,126.29,22.1,17.0,8.23,-8.77,0.31
train,normal_hard,normal_047.mp4,3,2.0,3.0,4.44,8.52,1.51,5.2,3.72,-1.48,0.03
train,normal_hard,normal_047.mp4,4,3.0,4.0,2.5,3.58,0.57,2.73,2.29,-0.44,0.03
train,normal_hard,normal_048.mp4,1,0.0,1.0,24.56,36.3,9.16,28.83,20.57,-8.26,0.45
train,normal_hard,normal_048.mp4,2,1.0,2.0,19.05,61.6,12.75,25.98,12.58,-13.4,0.34
train,normal_hard,normal_048.mp4,3,2.0,3.0,18.37,24.52,8.32,18.9,17.87,-1.03,0.9
train,normal_hard,normal_048.mp4,4,3.0,4.0,19.62,25.8,8.95,19.89,19.37,-0.52,0.69
train,normal_hard,normal_049.mp4,1,0.0,1.0,26.48,36.11,5.95,25.15,27.72,2.57,0.72
train,normal_hard,normal_049.mp4,2,1.0,2.0,18.33,57.22,12.21,26.28,10.91,-15.37,0.34
train,normal_hard,normal_049.mp4,3,2.0,3.0,11.37,14.35,5.14,10.69,12.01,1.33,0.38
train,normal_hard,normal_049.mp4,4,3.0,4.0,11.14,14.07,5.03,10.7,11.54,0.84,0.59
train,normal_hard,normal_051.mp4,1,0.0,1.0,9.61,14.39,2.64,10.85,8.46,-2.39,0.21
train,normal_hard,normal_051.mp4,2,1.0,2.0,16.74,53.18,11.39,19.15,14.49,-4.66,0.48
train,normal_hard,normal_051.mp4,3,2.0,3.0,11.62,15.16,5.26,11.98,11.28,-0.71,0.79
train,normal_hard,normal_051.mp4,4,3.0,4.0,7.37,12.93,3.46,8.05,6.72,-1.33,0.0
train,normal_hard,normal_052.mp4,1,0.0,1.0,5.75,9.77,2.88,5.03,6.42,1.39,0.93
train,normal_hard,normal_052.mp4,2,1.0,2.0,24.36,68.81,16.47,8.83,38.85,30.03,0.48
train,normal_hard,normal_052.mp4,3,2.0,3.0,29.65,35.08,5.62,25.76,33.28,7.52,0.83
train,normal_hard,normal_052.mp4,4,3.0,4.0,14.42,62.67,16.23,27.69,2.04,-25.65,0.38
train,normal_hard,normal_053.mp4,1,0.0,1.0,12.13,68.83,13.55,7.43,16.51,9.08,0.9
train,normal_hard,normal_053.mp4,2,1.0,2.0,17.13,59.57,18.39,32.92,2.4,-30.52,0.38
train,normal_hard,normal_053.mp4,3,2.0,3.0,2.21,4.07,1.17,2.41,2.03,-0.38,0.59
train,normal_hard,normal_053.mp4,4,3.0,4.0,3.32,43.82,7.84,1.31,5.19,3.87,0.93
train,normal_hard,normal_055.mp4,1,0.0,1.0,16.19,30.11,5.91,15.06,17.24,2.17,0.69
train,normal_hard,normal_055.mp4,2,1.0,2.0,10.76,42.65,7.04,14.0,7.74,-6.26,0.45
train,normal_hard,normal_055.mp4,3,2.0,3.0,9.67,13.99,4.45,7.67,11.53,3.86,0.97
train,normal_hard,normal_055.mp4,4,3.0,4.0,11.6,14.19,4.83,11.0,12.17,1.17,0.48
train,normal_hard,normal_057.mp4,1,0.0,1.0,10.92,16.94,2.66,11.31,10.56,-0.75,0.03
train,normal_hard,normal_057.mp4,2,1.0,2.0,9.85,20.97,5.06,13.51,6.43,-7.09,0.17
train,normal_hard,normal_057.mp4,3,2.0,3.0,5.97,8.18,2.89,6.08,5.87,-0.21,0.59
train,normal_hard,normal_057.mp4,4,3.0,4.0,6.18,28.57,4.89,5.13,7.15,2.02,0.97
train,normal_hard,normal_058.mp4,1,0.0,1.0,7.86,29.93,5.94,4.15,11.33,7.18,0.59
train,normal_hard,normal_058.mp4,2,1.0,2.0,12.06,15.06,4.55,11.42,12.66,1.24,0.55
train,normal_hard,normal_058.mp4,3,2.0,3.0,11.98,16.17,4.91,13.05,10.98,-2.07,0.41
train,normal_hard,normal_058.mp4,4,3.0,4.0,4.59,38.57,6.57,3.42,5.68,2.26,0.55
train,normal_hard,normal_060.mp4,1,0.0,1.0,7.4,25.47,4.88,7.56,7.24,-0.31,0.72
train,normal_hard,normal_060.mp4,2,1.0,2.0,6.03,8.06,2.73,5.97,6.1,0.13,0.93
train,normal_hard,normal_060.mp4,3,2.0,3.0,4.04,7.8,2.43,5.54,2.64,-2.89,0.03
train,normal_hard,normal_060.mp4,4,3.0,4.0,14.08,35.47,8.63,10.21,17.69,7.48,0.28
train,normal_hard,normal_063.mp4,1,0.0,1.0,12.22,53.08,14.4,6.62,17.44,10.81,0.79
train,normal_hard,normal_063.mp4,2,1.0,2.0,10.74,22.9,5.45,10.53,10.93,0.39,0.14
train,normal_hard,normal_063.mp4,3,2.0,3.0,16.09,38.25,7.53,16.3,15.89,-0.41,0.21
train,normal_hard,normal_063.mp4,4,3.0,4.0,10.9,19.63,4.45,10.92,10.89,-0.03,0.69
train,normal_hard,normal_064.mp4,1,0.0,1.0,27.24,112.99,22.29,18.23,35.66,17.43,0.69
train,normal_hard,normal_064.mp4,2,1.0,2.0,12.95,68.36,12.77,21.77,4.72,-17.05,0.34
train,normal_hard,normal_064.mp4,3,2.0,3.0,5.42,7.55,2.51,5.57,5.28,-0.29,0.34
train,normal_hard,normal_064.mp4,4,3.0,4.0,4.65,7.4,2.19,4.25,5.03,0.78,0.97
train,normal_hard,normal_066.mp4,1,0.0,1.0,12.82,23.13,6.69,10.44,15.05,4.62,0.93
train,normal_hard,normal_066.mp4,2,1.0,2.0,11.92,62.28,12.03,16.92,7.25,-9.67,0.24
train,normal_hard,normal_066.mp4,3,2.0,3.0,10.94,15.53,4.9,11.47,10.44,-1.02,0.45
train,normal_hard,normal_066.mp4,4,3.0,4.0,8.18,79.83,13.73,12.25,4.38,-7.86,0.07
train,normal_hard,normal_068.mp4,1,0.0,1.0,25.97,38.36,5.45,24.4,27.43,3.03,0.41
train,normal_hard,normal_068.mp4,2,1.0,2.0,9.17,70.51,12.75,15.84,2.95,-12.9,0.41
train,normal_hard,normal_068.mp4,3,2.0,3.0,2.14,3.4,0.89,2.33,1.95,-0.38,0.03
train,normal_hard,normal_068.mp4,4,3.0,4.0,1.71,2.37,0.61,1.82,1.61,-0.21,0.1
train,normal_hard,normal_069.mp4,1,0.0,1.0,6.03,34.79,5.97,6.48,5.6,-0.88,0.0
train,normal_hard,normal_069.mp4,2,1.0,2.0,5.64,8.76,2.73,6.68,4.66,-2.02,0.17
train,normal_hard,normal_069.mp4,3,2.0,3.0,5.46,9.16,2.86,5.24,5.68,0.44,0.41
train,normal_hard,normal_069.mp4,4,3.0,4.0,19.96,44.0,12.45,20.24,19.69,-0.55,0.21
train,normal_hard,normal_071.mp4,1,0.0,1.0,20.96,51.74,11.75,17.4,24.29,6.89,0.66
train,normal_hard,normal_071.mp4,2,1.0,2.0,14.26,79.9,15.58,22.03,7.01,-15.02,0.17
train,normal_hard,normal_071.mp4,3,2.0,3.0,4.96,7.97,2.7,5.72,4.26,-1.46,0.38
train,normal_hard,normal_071.mp4,4,3.0,4.0,2.06,3.73,1.12,2.44,1.71,-0.72,0.14
train,normal_hard,normal_073.mp4,1,0.0,1.0,29.05,33.54,3.19,28.0,30.04,2.05,0.52
train,normal_hard,normal_073.mp4,2,1.0,2.0,20.57,77.9,19.41,36.4,5.8,-30.6,0.38
train,normal_hard,normal_073.mp4,3,2.0,3.0,5.95,9.86,2.69,6.03,5.87,-0.17,0.97
train,normal_hard,normal_073.mp4,4,3.0,4.0,6.74,10.64,3.18,6.86,6.63,-0.23,0.03
train,normal_hard,normal_074.mp4,1,0.0,1.0,8.66,52.2,9.41,10.12,7.31,-2.81,0.86
train,normal_hard,normal_074.mp4,2,1.0,2.0,9.28,12.62,4.23,10.13,8.48,-1.65,0.21
train,normal_hard,normal_074.mp4,3,2.0,3.0,8.62,11.31,3.91,9.05,8.22,-0.83,0.59
train,normal_hard,normal_074.mp4,4,3.0,4.0,11.91,34.79,9.09,7.98,15.58,7.6,0.38
train,normal_hard,normal_075.mp4,1,0.0,1.0,10.71,58.98,12.14,17.07,4.78,-12.3,0.31
train,normal_hard,normal_075.mp4,2,1.0,2.0,4.2,5.24,1.85,4.37,4.04,-0.33,0.17
train,normal_hard,normal_075.mp4,3,2.0,3.0,3.78,4.86,1.66,3.98,3.6,-0.39,0.0
train,normal_hard,normal_075.mp4,4,3.0,4.0,3.97,5.37,1.78,3.91,4.02,0.11,0.86
train,normal_hard,normal_076.mp4,1,0.0,1.0,4.87,7.92,1.48,5.12,4.64,-0.48,0.03
train,normal_hard,normal_076.mp4,2,1.0,2.0,14.12,155.17,26.93,21.54,7.2,-14.35,0.07
train,normal_hard,normal_076.mp4,3,2.0,3.0,6.32,8.9,2.92,6.02,6.6,0.59,0.59
train,normal_hard,normal_076.mp4,4,3.0,4.0,7.33,39.71,7.17,5.07,9.45,4.38,0.83
train,normal_hard,normal_077.mp4,1,0.0,1.0,18.61,24.42,4.25,16.95,20.17,3.22,0.9
train,normal_hard,normal_077.mp4,2,1.0,2.0,15.42,45.31,10.44,21.54,9.7,-11.85,0.52
train,normal_hard,normal_077.mp4,3,2.0,3.0,14.41,23.66,7.2,11.1,17.51,6.41,0.97
train,normal_hard,normal_077.mp4,4,3.0,4.0,22.46,49.6,11.59,23.27,21.7,-1.56,0.97
train,normal_hard,normal_078.mp4,1,0.0,1.0,4.17,5.91,1.57,4.41,3.95,-0.46,0.14
train,normal_hard,normal_078.mp4,2,1.0,2.0,16.61,44.73,14.07,7.96,24.68,16.72,0.34
train,normal_hard,normal_078.mp4,3,2.0,3.0,20.28,26.68,7.96,20.1,20.46,0.36,0.72
train,normal_hard,normal_078.mp4,4,3.0,4.0,10.21,68.59,13.84,18.66,2.32,-16.35,0.34
train,normal_hard,normal_079.mp4,1,0.0,1.0,10.66,44.72,13.09,2.66,18.12,15.46,0.62
train,normal_hard,normal_079.mp4,2,1.0,2.0,8.98,49.09,13.11,16.46,1.99,-14.47,0.24
train,normal_hard,normal_079.mp4,3,2.0,3.0,2.79,7.13,2.21,2.29,3.25,0.96,0.93
train,normal_hard,normal_079.mp4,4,3.0,4.0,3.78,17.24,3.34,4.46,3.14,-1.33,0.28
train,normal_hard,normal_081.mp4,1,0.0,1.0,16.2,53.53,9.96,14.45,17.83,3.38,0.9
train,normal_hard,normal_081.mp4,2,1.0,2.0,3.5,7.13,2.32,2.73,4.22,1.49,0.83
train,normal_hard,normal_081.mp4,3,2.0,3.0,4.2,8.03,2.69,4.07,4.32,0.25,0.83
train,normal_hard,normal_081.mp4,4,3.0,4.0,2.73,13.88,2.52,3.32,2.18,-1.14,0.21
train,normal_hard,normal_083.mp4,1,0.0,1.0,7.81,59.93,10.59,11.18,4.66,-6.52,0.21
train,normal_hard,normal_083.mp4,2,1.0,2.0,5.99,7.92,2.7,5.36,6.57,1.21,0.59
train,normal_hard,normal_083.mp4,3,2.0,3.0,6.77,29.84,5.15,5.81,7.66,1.85,0.9
train,normal_hard,normal_083.mp4,4,3.0,4.0,19.19,27.01,6.31,18.73,19.62,0.89,0.38
train,normal_hard,normal_085.mp4,1,0.0,1.0,6.96,10.38,1.95,7.65,6.32,-1.33,0.31
train,normal_hard,normal_085.mp4,2,1.0,2.0,4.68,6.5,0.91,4.24,5.09,0.85,0.93
train,normal_hard,normal_085.mp4,3,2.0,3.0,7.25,8.94,1.28,7.15,7.35,0.2,0.93
train,normal_hard,normal_085.mp4,4,3.0,4.0,10.74,14.12,2.35,10.01,11.42,1.42,0.69
val,foul,foul_026.mp4,1,0.0,1.0,5.43,26.44,4.91,7.86,3.01,-4.85,0.25
val,foul,foul_026.mp4,2,1.0,2.0,1.91,2.77,0.44,2.25,1.58,-0.67,0.21
val,foul,foul_026.mp4,3,2.0,3.0,1.81,2.31,0.18,1.72,1.9,0.18,0.67
val,foul,foul_026.mp4,4,3.0,4.0,5.89,56.79,11.45,2.25,9.53,7.28,0.88
val,foul,foul_028.mp4,1,0.0,1.0,8.0,10.06,0.7,8.03,7.98,-0.05,0.96
val,foul,foul_028.mp4,2,1.0,2.0,9.59,10.08,0.29,9.56,9.62,0.06,0.42
val,foul,foul_028.mp4,3,2.0,3.0,7.85,33.91,5.68,8.04,7.66,-0.38,0.96
val,foul,foul_028.mp4,4,3.0,4.0,9.99,15.24,1.64,10.77,9.21,-1.56,0.17
val,foul,foul_030.mp4,1,0.0,1.0,4.65,34.32,6.87,0.87,8.43,7.56,0.54
val,foul,foul_030.mp4,2,1.0,2.0,9.67,15.61,2.97,10.45,8.88,-1.57,0.25
val,foul,foul_030.mp4,3,2.0,3.0,7.18,14.18,5.28,4.94,9.43,4.49,0.5
val,foul,foul_030.mp4,4,3.0,4.0,6.19,13.5,6.27,6.61,5.77,-0.84,0.04
val,foul,foul_039.mp4,1,0.0,1.0,10.04,11.54,1.12,9.86,10.22,0.37,0.29
val,foul,foul_039.mp4,2,1.0,2.0,9.41,11.01,0.87,9.79,9.02,-0.77,0.42
val,foul,foul_039.mp4,3,2.0,3.0,8.83,10.34,0.81,8.43,9.23,0.81,0.83
val,foul,foul_039.mp4,4,3.0,4.0,7.28,9.69,1.16,7.93,6.64,-1.28,0.0
val,foul,foul_053.mp4,1,0.0,1.0,5.48,42.7,9.18,8.21,2.76,-5.45,0.0
val,foul,foul_053.mp4,2,1.0,2.0,2.1,4.29,1.15,2.21,2.0,-0.21,0.33
val,foul,foul_053.mp4,3,2.0,3.0,2.06,3.4,1.11,2.19,1.94,-0.25,0.33
val,foul,foul_053.mp4,4,3.0,4.0,1.72,3.9,0.95,1.42,2.01,0.58,0.96
val,foul,foul_055.mp4,1,0.0,1.0,4.11,47.1,9.06,1.79,6.43,4.64,0.67
val,foul,foul_055.mp4,2,1.0,2.0,4.78,9.14,1.72,3.62,5.95,2.33,0.92
val,foul,foul_055.mp4,3,2.0,3.0,5.59,7.73,0.81,5.69,5.49,-0.2,0.0
val,foul,foul_055.mp4,4,3.0,4.0,8.08,32.44,6.89,11.08,5.08,-6.0,0.21
val,foul,foul_057.mp4,1,0.0,1.0,5.23,9.92,3.02,7.69,2.77,-4.92,0.0
val,foul,foul_057.mp4,2,1.0,2.0,7.28,29.03,5.38,8.46,6.09,-2.37,0.75
val,foul,foul_057.mp4,3,2.0,3.0,3.5,7.53,2.61,1.32,5.68,4.36,0.88
val,foul,foul_057.mp4,4,3.0,4.0,5.02,7.52,1.56,6.25,3.78,-2.48,0.0
val,foul,foul_065.mp4,1,0.0,1.0,5.14,6.38,0.66,5.52,4.76,-0.76,0.12
val,foul,foul_065.mp4,2,1.0,2.0,4.13,5.12,0.65,4.47,3.79,-0.69,0.33
val,foul,foul_065.mp4,3,2.0,3.0,7.14,23.6,5.07,6.4,7.88,1.48,0.12
val,foul,foul_065.mp4,4,3.0,4.0,4.78,9.3,2.41,5.89,3.67,-2.22,0.0
val,foul,foul_066.mp4,1,0.0,1.0,3.52,4.33,0.4,3.79,3.26,-0.52,0.04
val,foul,foul_066.mp4,2,1.0,2.0,2.78,3.78,0.69,2.21,3.34,1.13,0.92
val,foul,foul_066.mp4,3,2.0,3.0,4.53,5.6,0.78,3.86,5.19,1.33,0.67
val,foul,foul_066.mp4,4,3.0,4.0,4.08,5.12,1.0,4.84,3.31,-1.53,0.0
val,foul,foul_073.mp4,1,0.0,1.0,14.94,47.88,7.53,12.44,17.43,4.99,0.96
val,foul,foul_073.mp4,2,1.0,2.0,10.95,66.93,13.12,16.6,5.3,-11.3,0.08
val,foul,foul_073.mp4,3,2.0,3.0,7.91,8.8,0.56,7.47,8.35,0.88,0.88
val,foul,foul_073.mp4,4,3.0,4.0,8.26,9.09,0.57,7.91,8.62,0.71,0.79
val,foul,foul_079.mp4,1,0.0,1.0,4.4,8.3,1.63,5.13,3.66,-1.47,0.08
val,foul,foul_079.mp4,2,1.0,2.0,5.41,7.85,0.94,5.18,5.63,0.45,0.96
val,foul,foul_079.mp4,3,2.0,3.0,4.82,7.8,1.21,5.54,4.1,-1.44,0.12
val,foul,foul_079.mp4,4,3.0,4.0,3.45,5.77,1.03,3.93,2.97,-0.96,0.12
val,foul,foul_080.mp4,1,0.0,1.0,14.31,39.17,8.08,10.3,18.32,8.02,0.46
val,foul,foul_080.mp4,2,1.0,2.0,12.14,15.5,2.34,13.07,11.22,-1.85,0.42
val,foul,foul_080.mp4,3,2.0,3.0,12.35,18.18,2.6,11.74,12.95,1.2,0.92
val,foul,foul_080.mp4,4,3.0,4.0,11.78,56.78,9.87,11.5,12.07,0.58,0.54
val,normal_clean,normal_005.mp4,1,0.0,1.0,6.46,7.58,0.7,6.35,6.57,0.22,0.75
val,normal_clean,normal_005.mp4,2,1.0,2.0,3.59,21.88,3.85,4.59,2.59,-2.01,0.0
val,normal_clean,normal_005.mp4,3,2.0,3.0,3.13,4.51,0.73,3.12,3.15,0.03,0.96
val,normal_clean,normal_005.mp4,4,3.0,4.0,3.61,4.79,0.86,4.41,2.82,-1.59,0.21
val,normal_clean,normal_014.mp4,1,0.0,1.0,4.87,27.43,5.68,1.94,7.8,5.86,0.88
val,normal_clean,normal_014.mp4,2,1.0,2.0,11.68,12.96,1.21,12.62,10.75,-1.87,0.0
val,normal_clean,normal_014.mp4,3,2.0,3.0,13.54,16.22,1.58,13.94,13.13,-0.81,0.46
val,normal_clean,normal_014.mp4,4,3.0,3.96,17.23,57.37,9.32,18.93,15.67,-3.26,0.26
val,normal_clean,normal_018.mp4,1,0.0,1.0,4.56,6.38,0.98,4.28,4.85,0.57,0.96
val,normal_clean,normal_018.mp4,2,1.0,2.0,6.31,7.04,0.48,5.93,6.69,0.76,0.67
val,normal_clean,normal_018.mp4,3,2.0,3.0,5.69,6.4,0.53,6.12,5.25,-0.87,0.17
val,normal_clean,normal_018.mp4,4,3.0,4.0,4.61,6.32,1.56,5.79,3.43,-2.36,0.21
val,normal_clean,normal_026.mp4,1,0.0,1.0,4.18,5.73,0.92,3.44,4.92,1.48,0.96
val,normal_clean,normal_026.mp4,2,1.0,2.0,4.61,5.49,0.9,4.69,4.53,-0.16,0.0
val,normal_clean,normal_026.mp4,3,2.0,3.0,3.19,4.68,0.74,3.52,2.86,-0.66,0.0
val,normal_clean,normal_026.mp4,4,3.0,4.0,4.38,45.79,8.64,2.5,6.27,3.78,0.96
val,normal_clean,normal_037.mp4,1,0.0,1.0,3.68,38.42,7.3,4.38,2.98,-1.4,0.42
val,normal_clean,normal_037.mp4,2,1.0,2.0,1.83,2.42,0.23,1.96,1.7,-0.26,0.0
val,normal_clean,normal_037.mp4,3,2.0,3.0,1.55,1.96,0.15,1.64,1.46,-0.17,0.33
val,normal_clean,normal_037.mp4,4,3.0,4.0,2.29,3.67,0.8,1.6,2.98,1.38,0.96
val,normal_clean,normal_042.mp4,1,0.0,1.0,3.52,4.4,0.36,3.25,3.79,0.54,0.96
val,normal_clean,normal_042.mp4,2,1.0,2.0,3.17,4.35,0.95,4.04,2.29,-1.75,0.08
val,normal_clean,normal_042.mp4,3,2.0,3.0,3.04,3.49,0.31,3.0,3.07,0.07,0.29
val,normal_clean,normal_042.mp4,4,3.0,4.0,11.5,51.08,11.49,5.41,17.59,12.18,0.67
val,normal_clean,normal_047.mp4,1,0.0,1.0,4.08,4.74,0.36,4.01,4.16,0.15,0.0
val,normal_clean,normal_047.mp4,2,1.0,2.0,6.83,19.16,2.99,6.67,6.99,0.33,0.21
val,normal_clean,normal_047.mp4,3,2.0,3.0,7.7,8.28,0.23,7.65,7.76,0.11,0.5
val,normal_clean,normal_047.mp4,4,3.0,4.0,6.17,7.18,0.35,6.28,6.06,-0.22,0.0
val,normal_clean,normal_051.mp4,1,0.0,1.0,7.89,37.5,6.24,6.79,8.98,2.2,0.88
val,normal_clean,normal_051.mp4,2,1.0,2.0,3.13,4.14,0.79,3.74,2.53,-1.21,0.33
val,normal_clean,normal_051.mp4,3,2.0,3.0,4.39,20.73,3.43,3.46,5.33,1.87,0.71
val,normal_clean,normal_051.mp4,4,3.0,4.0,4.01,5.2,0.72,3.51,4.51,1.0,0.92
val,normal_clean,normal_060.mp4,1,0.0,1.0,2.1,25.94,5.0,3.01,1.19,-1.83,0.0
val,normal_clean,normal_060.mp4,2,1.0,2.0,5.31,12.94,3.68,2.49,8.13,5.64,0.96
val,normal_clean,normal_060.mp4,3,2.0,3.0,12.34,16.0,2.09,11.0,13.67,2.67,0.96
val,normal_clean,normal_060.mp4,4,3.0,4.0,15.87,17.57,1.07,15.6,16.14,0.55,0.75
val,normal_hard,normal_005.mp4,1,0.0,1.0,8.49,12.41,2.17,9.11,7.92,-1.2,0.24
val,normal_hard,normal_005.mp4,2,1.0,2.0,15.89,53.06,14.06,7.74,23.5,15.76,0.48
val,normal_hard,normal_005.mp4,3,2.0,3.0,18.83,25.54,8.54,19.43,18.26,-1.17,0.48
val,normal_hard,normal_005.mp4,4,3.0,4.0,23.17,65.94,12.63,20.44,25.71,5.27,0.93
val,normal_hard,normal_017.mp4,1,0.0,1.0,8.43,33.73,5.96,9.94,7.02,-2.92,0.59
val,normal_hard,normal_017.mp4,2,1.0,2.0,3.82,5.13,1.68,3.81,3.84,0.03,0.79
val,normal_hard,normal_017.mp4,3,2.0,3.0,4.34,5.51,1.91,4.55,4.15,-0.39,0.45
val,normal_hard,normal_017.mp4,4,3.0,4.0,4.58,34.34,5.94,3.22,5.86,2.63,0.93
val,normal_hard,normal_026.mp4,1,0.0,1.0,4.04,13.39,2.51,3.3,4.74,1.44,0.79
val,normal_hard,normal_026.mp4,2,1.0,2.0,6.76,29.65,5.22,8.08,5.53,-2.55,0.1
val,normal_hard,normal_026.mp4,3,2.0,3.0,3.64,6.15,1.86,3.67,3.62,-0.04,0.41
val,normal_hard,normal_026.mp4,4,3.0,4.0,5.28,9.04,2.73,5.36,5.21,-0.15,0.52
val,normal_hard,normal_044.mp4,1,0.0,1.0,9.61,12.85,2.13,10.5,8.78,-1.72,0.1
val,normal_hard,normal_044.mp4,2,1.0,2.0,13.45,173.98,30.48,21.54,5.91,-15.63,0.0
val,normal_hard,normal_044.mp4,3,2.0,3.0,3.63,5.3,1.61,3.12,4.11,0.99,0.66
val,normal_hard,normal_044.mp4,4,3.0,4.0,2.78,4.06,1.11,2.86,2.7,-0.16,0.45
val,normal_hard,normal_054.mp4,1,0.0,1.0,26.84,36.4,4.89,28.61,25.18,-3.43,0.9
val,normal_hard,normal_054.mp4,2,1.0,2.0,24.34,59.14,12.57,34.49,14.87,-19.63,0.41
val,normal_hard,normal_054.mp4,3,2.0,3.0,12.49,20.31,6.23,14.75,10.37,-4.38,0.1
val,normal_hard,normal_054.mp4,4,3.0,4.0,9.21,13.23,4.2,9.19,9.24,0.05,0.66
val,normal_hard,normal_056.mp4,1,0.0,1.0,19.64,56.51,16.01,28.23,11.63,-16.59,0.55
val,normal_hard,normal_056.mp4,2,1.0,2.0,9.47,13.39,4.37,8.96,9.95,0.99,0.9
val,normal_hard,normal_056.mp4,3,2.0,3.0,10.87,14.11,4.94,11.81,9.99,-1.82,0.28
val,normal_hard,normal_056.mp4,4,3.0,4.0,6.85,27.14,4.7,7.46,6.28,-1.18,0.31
val,normal_hard,normal_059.mp4,1,0.0,1.0,1.91,3.84,1.07,1.59,2.2,0.61,0.97
val,normal_hard,normal_059.mp4,2,1.0,2.0,6.01,18.37,3.77,5.47,6.52,1.05,0.31
val,normal_hard,normal_059.mp4,3,2.0,3.0,6.86,9.71,3.25,8.0,5.79,-2.22,0.28
val,normal_hard,normal_059.mp4,4,3.0,4.0,4.14,7.03,2.34,5.53,2.83,-2.71,0.17
val,normal_hard,normal_062.mp4,1,0.0,1.0,4.75,7.1,2.19,4.58,4.9,0.32,0.97
val,normal_hard,normal_062.mp4,2,1.0,2.0,12.11,53.08,14.45,6.6,17.26,10.66,0.62
val,normal_hard,normal_062.mp4,3,2.0,3.0,8.64,27.26,7.49,6.8,10.36,3.55,0.79
val,normal_hard,normal_062.mp4,4,3.0,4.0,10.71,30.78,7.96,9.83,11.53,1.71,0.03
val,normal_hard,normal_065.mp4,1,0.0,1.0,10.49,17.06,5.14,12.49,8.64,-3.85,0.0
val,normal_hard,normal_065.mp4,2,1.0,2.0,15.49,42.25,8.07,11.7,19.02,7.32,0.31
val,normal_hard,normal_065.mp4,3,2.0,3.0,23.06,31.66,3.89,23.96,22.22,-1.74,0.48
val,normal_hard,normal_065.mp4,4,3.0,4.0,10.15,32.46,5.7,12.62,7.84,-4.78,0.31
val,normal_hard,normal_070.mp4,1,0.0,1.0,15.81,25.43,7.59,13.11,18.32,5.21,0.97
val,normal_hard,normal_070.mp4,2,1.0,2.0,22.73,51.74,12.75,17.12,27.96,10.85,0.45
val,normal_hard,normal_070.mp4,3,2.0,3.0,25.17,38.16,12.89,28.49,22.07,-6.42,0.21
val,normal_hard,normal_070.mp4,4,3.0,4.0,17.69,104.76,18.11,14.86,20.32,5.46,0.9
val,normal_hard,normal_072.mp4,1,0.0,1.0,17.51,26.69,2.8,19.4,15.76,-3.64,0.41
val,normal_hard,normal_072.mp4,2,1.0,2.0,18.82,60.33,9.65,19.68,18.0,-1.68,0.55
val,normal_hard,normal_072.mp4,3,2.0,3.0,21.77,58.89,14.46,18.36,24.95,6.59,0.52
val,normal_hard,normal_072.mp4,4,3.0,4.0,14.12,70.65,13.23,21.29,7.43,-13.85,0.38
val,normal_hard,normal_084.mp4,1,0.0,1.0,23.51,43.91,10.09,20.25,26.54,6.29,0.83
val,normal_hard,normal_084.mp4,2,1.0,2.0,8.37,54.82,10.15,10.75,6.16,-4.59,0.03
val,normal_hard,normal_084.mp4,3,2.0,3.0,5.71,12.73,4.46,6.63,4.86,-1.76,0.45
val,normal_hard,normal_084.mp4,4,3.0,4.0,4.18,27.04,5.03,4.71,3.68,-1.03,0.24
test,foul,foul_004.mp4,1,0.0,1.0,8.4,9.74,0.8,8.1,8.7,0.6,0.79
test,foul,foul_004.mp4,2,1.0,2.0,5.28,28.6,5.13,7.11,3.46,-3.65,0.08
test,foul,foul_004.mp4,3,2.0,3.0,4.08,9.75,1.76,3.07,5.08,2.02,0.88
test,foul,foul_004.mp4,4,3.0,4.0,5.57,9.78,2.41,5.17,5.97,0.8,0.92
test,foul,foul_005.mp4,1,0.0,1.0,17.43,52.98,14.73,28.05,6.81,-21.24,0.5
test,foul,foul_005.mp4,2,1.0,2.0,5.43,6.8,0.97,4.58,6.27,1.69,0.92
test,foul,foul_005.mp4,3,2.0,3.0,5.86,6.16,0.17,5.93,5.79,-0.14,0.38
test,foul,foul_005.mp4,4,3.0,4.0,10.87,41.67,8.79,4.89,16.85,11.97,0.54
test,foul,foul_012.mp4,1,0.0,1.0,7.37,46.64,9.17,10.89,3.85,-7.04,0.12
test,foul,foul_012.mp4,2,1.0,2.0,3.89,5.61,1.61,2.44,5.34,2.9,0.71
test,foul,foul_012.mp4,3,2.0,3.0,4.98,5.45,0.46,5.3,4.67,-0.62,0.54
test,foul,foul_012.mp4,4,3.0,4.0,14.18,34.19,8.97,10.01,18.34,8.32,0.33
test,foul,foul_014.mp4,1,0.0,1.0,9.74,56.75,10.18,6.59,12.88,6.29,0.67
test,foul,foul_014.mp4,2,1.0,2.0,11.94,14.57,1.65,10.89,12.98,2.09,0.96
test,foul,foul_014.mp4,3,2.0,3.0,26.88,59.34,16.2,12.72,41.03,28.31,0.54
test,foul,foul_014.mp4,4,3.0,4.0,26.37,32.54,2.56,26.79,25.94,-0.86,0.12
test,foul,foul_015.mp4,1,0.0,1.0,22.53,67.86,10.91,22.86,22.2,-0.66,0.83
test,foul,foul_015.mp4,2,1.0,2.0,7.75,8.65,0.64,8.21,7.3,-0.91,0.25
test,foul,foul_015.mp4,3,2.0,3.0,8.5,13.05,2.42,6.4,10.61,4.21,0.96
test,foul,foul_015.mp4,4,3.0,4.0,20.48,66.65,12.1,15.07,25.9,10.83,0.75
test,foul,foul_018.mp4,1,0.0,1.0,15.0,48.72,9.77,20.43,9.58,-10.85,0.25
test,foul,foul_018.mp4,2,1.0,2.0,10.56,11.97,2.21,9.46,11.65,2.2,0.33
test,foul,foul_018.mp4,3,2.0,3.0,9.23,12.45,3.51,12.08,6.38,-5.7,0.21
test,foul,foul_018.mp4,4,3.0,4.0,10.46,36.28,5.4,9.69,11.23,1.54,0.96
test,foul,foul_029.mp4,1,0.0,1.0,3.18,4.23,0.41,3.13,3.23,0.1,0.62
test,foul,foul_029.mp4,2,1.0,2.0,2.73,3.82,0.48,2.99,2.46,-0.53,0.0
test,foul,foul_029.mp4,3,2.0,3.0,1.8,2.91,0.47,2.05,1.54,-0.5,0.0
test,foul,foul_029.mp4,4,3.0,4.0,1.03,1.74,0.31,1.14,0.92,-0.22,0.83
test,foul,foul_033.mp4,1,0.0,1.0,5.79,18.24,3.86,4.21,7.37,3.16,0.88
test,foul,foul_033.mp4,2,1.0,2.0,3.23,5.58,1.11,3.27,3.19,-0.08,0.46
test,foul,foul_033.mp4,3,2.0,3.0,3.03,4.72,0.79,2.77,3.28,0.5,0.38
test,foul,foul_033.mp4,4,3.0,4.0,6.13,25.04,6.85,3.13,9.13,6.01,0.79
test,foul,foul_037.mp4,1,0.0,1.0,4.39,7.29,1.52,3.34,5.44,2.1,0.75
test,foul,foul_037.mp4,2,1.0,2.0,5.66,7.81,0.97,5.24,6.08,0.85,0.54
test,foul,foul_037.mp4,3,2.0,3.0,4.15,5.77,0.76,3.96,4.34,0.38,0.75
test,foul,foul_037.mp4,4,3.0,4.0,6.9,32.28,6.79,3.02,10.78,7.77,0.62
test,foul,foul_056.mp4,1,0.0,1.0,4.5,5.14,0.35,4.26,4.73,0.47,0.46
test,foul,foul_056.mp4,2,1.0,2.0,4.31,4.63,0.28,4.4,4.22,-0.19,0.0
test,foul,foul_056.mp4,3,2.0,3.0,3.35,3.86,0.3,3.22,3.49,0.27,0.88
test,foul,foul_056.mp4,4,3.0,4.0,2.69,3.52,0.5,3.07,2.3,-0.77,0.33
test,foul,foul_071.mp4,1,0.0,1.0,2.84,8.12,1.75,2.22,3.46,1.24,0.96
test,foul,foul_071.mp4,2,1.0,2.0,14.88,38.04,6.95,10.17,19.6,9.43,0.54
test,foul,foul_071.mp4,3,2.0,3.0,12.72,17.1,2.69,11.32,14.11,2.79,0.88
test,foul,foul_071.mp4,4,3.0,4.0,13.93,39.1,6.18,11.63,16.22,4.59,0.83
test,foul,foul_076.mp4,1,0.0,1.0,14.75,74.23,18.46,20.93,8.57,-12.36,0.38
test,foul,foul_076.mp4,2,1.0,2.0,2.29,3.04,0.27,2.34,2.25,-0.08,0.33
test,foul,foul_076.mp4,3,2.0,3.0,2.33,3.27,0.37,2.25,2.41,0.16,0.79
test,foul,foul_076.mp4,4,3.0,4.0,2.23,3.95,0.45,2.24,2.23,-0.01,0.92
test,foul,foul_083.mp4,1,0.0,1.0,6.59,8.22,0.55,6.75,6.43,-0.32,0.0
test,foul,foul_083.mp4,2,1.0,2.0,4.03,5.8,0.97,4.85,3.22,-1.62,0.0
test,foul,foul_083.mp4,3,2.0,3.0,3.04,3.59,0.36,2.73,3.35,0.62,0.88
test,foul,foul_083.mp4,4,3.0,4.0,2.2,3.12,0.42,2.52,1.89,-0.63,0.0
test,foul,foul_085.mp4,1,0.0,1.0,5.13,44.12,8.16,6.79,3.47,-3.32,0.0
test,foul,foul_085.mp4,2,1.0,2.0,7.74,10.78,1.64,6.77,8.72,1.95,0.79
test,foul,foul_085.mp4,3,2.0,3.0,7.96,10.24,0.88,8.31,7.6,-0.7,0.17
test,foul,foul_085.mp4,4,3.0,4.0,6.35,8.83,1.2,7.03,5.68,-1.34,0.38
test,normal_clean,normal_003.mp4,1,0.0,1.0,7.94,63.03,12.15,12.88,2.99,-9.89,0.0
test,normal_clean,normal_003.mp4,2,1.0,2.0,2.85,3.83,0.68,2.25,3.45,1.2,0.96
test,normal_clean,normal_003.mp4,3,2.0,3.0,3.21,3.57,0.17,3.29,3.13,-0.16,0.0
test,normal_clean,normal_003.mp4,4,3.0,4.0,3.03,3.65,0.54,3.44,2.63,-0.8,0.38
test,normal_clean,normal_004.mp4,1,0.0,1.0,4.22,4.72,0.21,4.29,4.15,-0.14,0.12
test,normal_clean,normal_004.mp4,2,1.0,2.0,3.99,9.43,1.94,3.78,4.19,0.41,0.88
test,normal_clean,normal_004.mp4,3,2.0,3.0,5.02,7.71,0.84,5.59,4.44,-1.15,0.0
test,normal_clean,normal_004.mp4,4,3.0,4.0,3.73,5.2,0.98,4.49,2.97,-1.51,0.21
test,normal_clean,normal_015.mp4,1,0.0,1.0,5.02,10.48,1.83,5.76,4.28,-1.48,0.08
test,normal_clean,normal_015.mp4,2,1.0,2.0,12.78,35.35,5.53,9.88,15.67,5.78,0.79
test,normal_clean,normal_015.mp4,3,2.0,3.0,8.74,10.94,2.13,10.24,7.25,-2.99,0.0
test,normal_clean,normal_015.mp4,4,3.0,4.0,13.88,40.92,7.51,10.15,17.61,7.46,0.75
test,normal_clean,normal_021.mp4,1,0.0,1.0,1.74,2.57,0.36,1.71,1.77,0.06,0.96
test,normal_clean,normal_021.mp4,2,1.0,2.0,3.95,4.99,0.87,3.34,4.56,1.23,0.54
test,normal_clean,normal_021.mp4,3,2.0,3.0,6.76,21.97,4.29,9.76,3.76,-6.0,0.08
test,normal_clean,normal_021.mp4,4,3.0,4.0,4.58,6.18,0.68,4.08,5.08,1.01,0.96
test,normal_clean,normal_044.mp4,1,0.0,1.0,5.77,26.53,5.34,9.66,1.88,-7.78,0.46
test,normal_clean,normal_044.mp4,2,1.0,2.0,2.21,2.97,0.38,2.0,2.43,0.43,0.88
test,normal_clean,normal_044.mp4,3,2.0,3.0,12.98,21.72,3.74,12.33,13.63,1.3,0.12
test,normal_clean,normal_044.mp4,4,3.0,4.0,10.39,32.55,5.75,11.7,9.09,-2.61,0.58
test,normal_clean,normal_050.mp4,1,0.0,1.0,7.9,8.32,0.18,7.8,8.0,0.2,0.96
test,normal_clean,normal_050.mp4,2,1.0,2.0,7.66,8.77,0.4,7.9,7.43,-0.46,0.17
test,normal_clean,normal_050.mp4,3,2.0,3.0,7.3,8.02,0.31,7.56,7.04,-0.53,0.17
test,normal_clean,normal_050.mp4,4,3.0,4.0,18.23,64.37,9.65,20.87,15.58,-5.29,0.0
test,normal_clean,normal_052.mp4,1,0.0,1.0,3.83,4.76,0.79,3.45,4.21,0.76,0.71
test,normal_clean,normal_052.mp4,2,1.0,2.0,4.59,4.97,0.16,4.47,4.72,0.25,0.92
test,normal_clean,normal_052.mp4,3,2.0,3.0,4.11,4.52,0.34,4.33,3.9,-0.43,0.38
test,normal_clean,normal_052.mp4,4,3.0,4.0,4.95,5.27,0.26,4.99,4.92,-0.07,0.17
test,normal_clean,normal_053.mp4,1,0.0,1.0,6.95,8.32,0.66,6.44,7.47,1.03,0.92
test,normal_clean,normal_053.mp4,2,1.0,2.0,8.61,10.09,0.93,8.86,8.36,-0.49,0.96
test,normal_clean,normal_053.mp4,3,2.0,3.0,11.55,15.34,2.07,9.94,13.16,3.21,0.96
test,normal_clean,normal_053.mp4,4,3.0,4.0,5.09,25.38,4.4,7.04,3.14,-3.9,0.0
test,normal_clean,normal_054.mp4,1,0.0,1.0,15.21,77.99,13.73,12.96,17.46,4.5,0.83
test,normal_clean,normal_054.mp4,2,1.0,2.0,4.45,21.47,3.59,4.12,4.78,0.67,0.96
test,normal_clean,normal_054.mp4,3,2.0,3.0,5.66,6.73,0.43,5.48,5.85,0.37,0.96
test,normal_clean,normal_054.mp4,4,3.0,4.0,7.11,7.99,0.53,7.35,6.87,-0.49,0.38
test,normal_clean,normal_058.mp4,1,0.0,1.0,1.78,2.2,0.25,1.7,1.85,0.15,0.96
test,normal_clean,normal_058.mp4,2,1.0,2.0,2.07,2.43,0.17,2.08,2.05,-0.03,0.92
test,normal_clean,normal_058.mp4,3,2.0,3.0,2.2,7.18,1.07,2.08,2.32,0.24,0.71
test,normal_clean,normal_058.mp4,4,3.0,4.0,2.11,2.41,0.2,2.1,2.11,0.0,0.38
test,normal_hard,normal_003.mp4,1,0.0,1.0,12.63,33.95,8.88,18.24,7.4,-10.85,0.62
test,normal_hard,normal_003.mp4,2,1.0,2.0,4.14,5.42,1.8,4.34,3.96,-0.38,0.28
test,normal_hard,normal_003.mp4,3,2.0,3.0,3.61,5.49,1.65,4.34,2.92,-1.42,0.0
test,normal_hard,normal_003.mp4,4,3.0,4.0,5.86,20.77,3.51,5.59,6.11,0.52,0.93
test,normal_hard,normal_016.mp4,1,0.0,1.0,12.87,34.99,6.62,17.82,8.26,-9.56,0.1
test,normal_hard,normal_016.mp4,2,1.0,2.0,8.53,11.2,3.68,8.34,8.7,0.36,0.59
test,normal_hard,normal_016.mp4,3,2.0,3.0,8.61,10.92,3.48,8.97,8.27,-0.7,0.07
test,normal_hard,normal_016.mp4,4,3.0,4.0,7.48,10.96,3.54,9.11,5.95,-3.16,0.07
test,normal_hard,normal_022.mp4,1,0.0,1.0,16.0,23.03,3.41,18.13,14.01,-4.11,0.34
test,normal_hard,normal_022.mp4,2,1.0,2.0,9.24,51.94,9.3,13.05,5.69,-7.36,0.17
test,normal_hard,normal_022.mp4,3,2.0,3.0,6.17,7.86,2.77,6.43,5.93,-0.5,0.48
test,normal_hard,normal_022.mp4,4,3.0,4.0,6.17,7.79,2.77,6.43,5.92,-0.51,0.83
test,normal_hard,normal_023.mp4,1,0.0,1.0,10.58,19.11,3.82,12.58,8.72,-3.86,0.0
test,normal_hard,normal_023.mp4,2,1.0,2.0,16.17,51.91,9.65,10.93,21.06,10.14,0.45
test,normal_hard,normal_023.mp4,3,2.0,3.0,20.64,26.97,2.92,22.02,19.35,-2.67,0.21
test,normal_hard,normal_023.mp4,4,3.0,4.0,8.19,44.01,6.96,9.09,7.36,-1.74,0.03
test,normal_hard,normal_025.mp4,1,0.0,1.0,11.0,42.13,8.2,11.7,10.34,-1.35,0.24
test,normal_hard,normal_025.mp4,2,1.0,2.0,5.21,37.29,6.44,6.9,3.63,-3.26,0.1
test,normal_hard,normal_025.mp4,3,2.0,3.0,4.66,6.16,2.14,4.14,5.15,1.01,0.52
test,normal_hard,normal_025.mp4,4,3.0,4.0,4.09,6.39,1.99,3.23,4.9,1.67,0.93
test,normal_hard,normal_028.mp4,1,0.0,1.0,17.06,22.83,2.87,17.37,16.77,-0.59,0.59
test,normal_hard,normal_028.mp4,2,1.0,2.0,11.25,51.73,9.28,15.99,6.82,-9.18,0.31
test,normal_hard,normal_028.mp4,3,2.0,3.0,7.68,12.49,3.84,6.99,8.32,1.33,0.97
test,normal_hard,normal_028.mp4,4,3.0,4.0,9.17,55.97,10.12,5.62,12.48,6.86,0.86
test,normal_hard,normal_036.mp4,1,0.0,1.0,6.46,9.36,0.98,6.04,6.85,0.81,0.72
test,normal_hard,normal_036.mp4,2,1.0,2.0,9.59,43.9,8.07,8.88,10.25,1.37,0.1
test,normal_hard,normal_036.mp4,3,2.0,3.0,6.99,12.69,3.7,8.56,5.53,-3.02,0.1
test,normal_hard,normal_036.mp4,4,3.0,4.0,13.08,69.54,12.14,11.24,14.8,3.56,0.97
test,normal_hard,normal_041.mp4,1,0.0,1.0,5.16,7.1,2.31,5.27,5.06,-0.21,0.07
test,normal_hard,normal_041.mp4,2,1.0,2.0,11.8,37.1,7.2,12.86,10.81,-2.06,0.86
test,normal_hard,normal_041.mp4,3,2.0,3.0,8.18,12.63,4.03,9.17,7.25,-1.92,0.97
test,normal_hard,normal_041.mp4,4,3.0,4.0,14.03,40.61,7.76,13.13,14.87,1.74,0.97
test,normal_hard,normal_050.mp4,1,0.0,1.0,21.98,45.08,11.82,23.04,20.98,-2.06,0.86
test,normal_hard,normal_050.mp4,2,1.0,2.0,6.98,10.04,3.26,5.85,8.03,2.18,0.97
test,normal_hard,normal_050.mp4,3,2.0,3.0,9.36,12.11,4.27,8.47,10.2,1.72,0.55
test,normal_hard,normal_050.mp4,4,3.0,4.0,12.18,42.6,7.34,10.35,13.89,3.54,0.83
test,normal_hard,normal_061.mp4,1,0.0,1.0,11.45,38.41,9.52,19.56,3.89,-15.67,0.41
test,normal_hard,normal_061.mp4,2,1.0,2.0,4.88,7.22,2.26,4.24,5.49,1.25,0.93
test,normal_hard,normal_061.mp4,3,2.0,3.0,4.7,6.7,2.21,5.03,4.39,-0.65,0.1
test,normal_hard,normal_061.mp4,4,3.0,4.0,21.67,181.31,34.43,21.28,22.03,0.75,0.1
test,normal_hard,normal_067.mp4,1,0.0,1.0,4.04,29.99,5.15,2.82,5.19,2.37,0.86
test,normal_hard,normal_067.mp4,2,1.0,2.0,5.53,7.58,2.4,5.48,5.57,0.09,0.17
test,normal_hard,normal_067.mp4,3,2.0,3.0,6.65,8.7,2.86,6.1,7.17,1.07,0.72
test,normal_hard,normal_067.mp4,4,3.0,4.0,13.66,50.96,9.37,7.24,19.65,12.41,0.59
test,normal_hard,normal_080.mp4,1,0.0,1.0,4.97,19.95,4.26,5.04,4.91,-0.13,0.97
test,normal_hard,normal_080.mp4,2,1.0,2.0,7.02,10.22,2.74,6.14,7.85,1.71,0.97
test,normal_hard,normal_080.mp4,3,2.0,3.0,10.97,15.31,4.4,10.1,11.79,1.68,0.69
test,normal_hard,normal_080.mp4,4,3.0,4.0,11.42,45.29,7.19,9.38,13.33,3.95,0.72
test,normal_hard,normal_082.mp4,1,0.0,1.0,14.21,20.84,5.16,13.66,14.72,1.05,0.07
test,normal_hard,normal_082.mp4,2,1.0,2.0,5.86,34.02,6.38,7.11,4.7,-2.41,0.07
test,normal_hard,normal_082.mp4,3,2.0,3.0,3.98,10.0,3.02,3.26,4.65,1.39,0.9
test,normal_hard,normal_082.mp4,4,3.0,4.0,6.81,24.68,5.44,6.03,7.54,1.51,0.9
test,normal_hard,normal_086.mp4,1,0.0,1.0,9.5,38.26,6.43,10.47,8.59,-1.88,0.69
test,normal_hard,normal_086.mp4,2,1.0,2.0,5.03,7.59,2.32,4.8,5.25,0.45,0.93
test,normal_hard,normal_086.mp4,3,2.0,3.0,7.79,9.94,3.52,8.07,7.53,-0.54,0.41
test,normal_hard,normal_086.mp4,4,3.0,4.0,8.26,11.45,3.76,8.22,8.3,0.08,0.9
